EmployeeNumber,Attrition,YearsAtCompany,YearsInCurrentRole,YearsSinceLastPromotion,YearsWithCurrManager,Department ID,HourlyRate,Annual Salary,PerformanceRating,TrainingTimesLastYear,Age,DistanceFromHome,Education,EducationField,Gender,JobRole,JobSatisfaction,WorkLifeBalance,EnvironmentSatisfaction
1,Yes,6,4,0,5,3,94,195520,3,0,41,1,2,Life Sciences,Female,Sales Executive,4,1,2
2,No,10,7,1,7,2,61,126880,4,3,49,8,1,Life Sciences,Male,Research Scientist,2,3,3
4,Yes,0,0,0,0,2,26,54080,3,3,37,2,2,Other,Male,Laboratory Technician,3,3,4
5,No,8,7,3,0,2,56,116480,3,3,33,1,4,Life Sciences,Female,Research Scientist,3,3,4
7,No,2,2,2,2,2,27,56160,3,3,27,2,1,Medical,Male,Laboratory Technician,2,3,1
8,No,7,7,3,6,2,28,58240,3,2,32,2,2,Life Sciences,Male,Laboratory Technician,4,2,4
10,No,1,0,0,0,2,29,60320,4,3,59,2,3,Medical,Female,Laboratory Technician,1,2,3
11,No,1,0,0,0,2,33,68640,4,2,30,24,1,Life Sciences,Male,Laboratory Technician,3,3,4
12,No,9,7,1,8,2,44,91520,4,2,38,23,3,Life Sciences,Male,Manufacturing Director,3,3,4
13,No,7,7,7,7,2,29,60320,3,3,36,27,3,Medical,Male,Healthcare Representative,3,2,3
15,No,9,5,0,8,2,25,52000,3,3,29,15,2,Life Sciences,Female,Laboratory Technician,3,3,4
16,No,5,2,4,3,2,31,64480,3,1,31,26,1,Life Sciences,Male,Research Scientist,3,2,1
18,No,2,2,1,2,2,30,62400,3,2,34,19,2,Medical,Male,Laboratory Technician,4,3,2
19,Yes,4,2,0,3,2,25,52000,3,4,35,24,3,Life Sciences,Male,Laboratory Technician,3,3,3
21,No,6,2,0,5,2,80,166400,3,5,32,3,2,Life Sciences,Male,Research Scientist,2,2,1
22,No,1,0,0,0,2,31,64480,3,2,22,16,2,Medical,Male,Laboratory Technician,4,2,4
23,No,25,8,3,7,3,78,162240,3,3,53,2,4,Life Sciences,Female,Manager,4,3,1
24,No,3,2,1,2,2,45,93600,3,3,38,2,3,Life Sciences,Male,Research Scientist,4,3,4
26,No,4,2,1,3,2,96,199680,3,5,24,11,2,Other,Female,Manufacturing Director,3,2,1
27,Yes,5,3,0,3,3,31,64480,4,4,36,9,4,Life Sciences,Male,Sales Representative,1,3,3
28,No,12,6,2,11,2,53,110240,3,4,34,7,4,Life Sciences,Female,Research Director,2,3,1
31,Yes,4,2,1,3,2,83,172640,3,2,34,6,1,Medical,Male,Research Scientist,1,3,2
32,No,14,13,4,8,2,58,120640,3,3,53,4,3,Other,Female,Manager,3,2,3
33,Yes,10,2,6,7,2,72,149760,4,5,32,16,1,Life Sciences,Female,Research Scientist,1,3,2
35,No,9,7,4,2,3,48,99840,3,2,42,8,4,Marketing,Male,Sales Executive,2,3,3
36,No,22,6,5,17,2,33,68640,3,4,44,7,4,Medical,Female,Healthcare Representative,4,3,1
42,Yes,1,0,0,0,3,33,68640,3,6,39,1,3,Technical Degree,Male,Sales Representative,4,4,4
45,Yes,2,0,2,0,2,61,126880,3,2,24,1,3,Medical,Male,Research Scientist,4,2,2
46,No,5,3,1,4,2,72,149760,3,3,43,2,2,Medical,Female,Research Scientist,3,2,4
47,Yes,3,2,0,2,3,25,52000,3,2,50,2,2,Marketing,Male,Sales Representative,3,3,1
49,No,2,2,2,2,3,30,62400,3,3,27,2,3,Marketing,Female,Sales Representative,4,3,4
51,No,1,1,0,0,2,82,170560,3,3,36,3,4,Life Sciences,Female,Research Scientist,1,4,2
52,No,5,3,1,3,3,42,87360,3,3,33,1,3,Life Sciences,Female,Sales Executive,1,3,3
53,No,1,0,0,0,2,29,60320,3,3,28,4,2,Other,Male,Laboratory Technician,4,3,3
54,No,1,0,0,0,2,33,68640,3,6,27,2,4,Life Sciences,Female,Laboratory Technician,1,3,4
55,Yes,1,0,0,1,2,28,58240,3,2,29,25,3,Life Sciences,Male,Laboratory Technician,3,2,1
58,Yes,22,15,15,8,2,49,101920,3,0,41,12,3,Technical Degree,Female,Research Director,3,3,2
60,No,9,5,8,7,3,72,149760,4,2,34,23,4,Marketing,Male,Sales Executive,3,3,2
61,No,1,0,0,0,2,73,151840,4,1,37,19,2,Life Sciences,Male,Research Scientist,2,3,2
64,Yes,1,0,0,0,2,25,52000,3,2,48,1,2,Life Sciences,Male,Laboratory Technician,3,3,1
68,No,4,3,1,3,3,75,156000,4,2,44,1,5,Marketing,Female,Sales Executive,1,2,2
70,No,4,0,2,3,2,27,56160,3,3,36,11,2,Medical,Male,Healthcare Representative,1,3,3
73,No,15,14,8,12,2,98,203840,3,1,33,1,2,Life Sciences,Female,Research Director,4,3,1
75,No,2,2,2,2,2,30,62400,3,3,27,23,4,Medical,Female,Laboratory Technician,1,3,3
78,No,9,8,7,8,2,33,68640,4,3,32,1,3,Medical,Male,Manufacturing Director,4,3,1
79,No,10,3,9,9,2,26,54080,3,2,38,29,5,Life Sciences,Female,Laboratory Technician,4,3,4
80,No,27,3,13,8,2,43,89440,3,2,50,7,2,Medical,Female,Research Director,3,2,2
83,No,17,14,12,8,2,33,68640,3,2,36,8,3,Technical Degree,Female,Healthcare Representative,3,3,3
85,No,6,5,0,3,2,95,197600,3,3,36,11,3,Life Sciences,Male,Manufacturing Director,2,3,2
88,No,3,2,1,2,2,79,164320,3,2,28,1,3,Medical,Male,Research Scientist,1,2,2
90,Yes,1,0,0,0,2,79,164320,3,0,36,9,3,Medical,Male,Research Scientist,3,2,4
94,No,5,4,0,4,2,76,158080,4,3,29,2,3,Life Sciences,Male,Research Scientist,2,3,3
95,No,1,1,1,0,2,87,180960,3,4,31,1,4,Medical,Male,Research Scientist,2,3,3
96,No,10,4,0,9,2,66,137280,3,3,32,1,3,Life Sciences,Male,Research Scientist,2,3,2
97,No,1,0,0,0,2,25,52000,3,3,36,6,3,Life Sciences,Female,Laboratory Technician,4,3,2
98,No,11,7,1,8,2,61,126880,4,2,31,8,4,Life Sciences,Female,Manufacturing Director,4,3,3
101,No,0,0,0,0,2,52,108160,3,3,45,6,4,Other,Male,Research Director,1,4,4
103,No,4,2,0,2,1,26,54080,4,2,46,4,2,Medical,Male,Human Resources,2,3,2
104,No,10,8,3,0,2,26,54080,3,1,30,1,1,Life Sciences,Male,Laboratory Technician,4,2,4
106,No,1,0,1,0,3,70,145600,3,4,55,1,2,Life Sciences,Male,Sales Executive,4,3,1
110,No,5,2,1,3,2,94,195520,3,2,34,1,2,Medical,Male,Manufacturing Director,2,3,1
112,No,6,4,0,2,2,49,101920,3,3,56,7,3,Life Sciences,Male,Manufacturing Director,4,2,4
116,No,4,2,0,3,2,32,66560,4,4,51,9,4,Life Sciences,Male,Laboratory Technician,4,3,4
117,No,11,10,10,8,2,31,64480,3,3,30,2,3,Life Sciences,Male,Healthcare Representative,4,3,3
118,Yes,9,8,4,7,3,64,133120,3,3,46,9,2,Medical,Male,Sales Executive,4,3,3
119,No,22,3,11,11,2,27,56160,4,3,40,1,4,Life Sciences,Male,Healthcare Representative,2,2,3
120,No,10,7,1,0,3,71,147680,4,2,51,21,4,Marketing,Male,Sales Executive,4,1,3
121,No,11,8,2,7,3,63,131040,3,4,30,4,2,Medical,Female,Sales Executive,2,2,3
124,No,10,9,9,5,2,28,58240,3,5,46,1,3,Medical,Male,Healthcare Representative,1,2,3
125,No,11,8,5,7,3,87,180960,3,0,32,6,4,Medical,Male,Sales Executive,3,3,2
126,No,4,3,0,3,2,60,124800,3,5,54,2,4,Technical Degree,Female,Research Director,3,1,1
128,No,3,2,0,2,3,33,68640,4,2,24,5,2,Other,Female,Sales Executive,3,2,1
129,No,5,4,0,4,3,43,89440,3,3,29,4,3,Medical,Male,Sales Executive,3,4,2
131,No,37,10,1,8,3,37,76960,3,1,58,10,4,Medical,Male,Sales Executive,3,2,4
137,Yes,1,0,1,0,2,26,54080,3,5,20,6,3,Life Sciences,Female,Laboratory Technician,4,3,4
138,No,16,13,2,10,2,41,85280,3,3,34,6,4,Other,Female,Research Scientist,3,3,1
139,No,1,0,0,0,2,32,66560,3,2,37,2,2,Life Sciences,Male,Healthcare Representative,4,4,3
140,No,3,2,2,2,1,32,66560,4,3,59,2,4,Human Resources,Female,Manager,4,3,3
141,No,8,3,0,7,2,73,151840,3,1,50,1,3,Life Sciences,Female,Research Director,2,2,1
143,No,2,2,2,1,2,64,133120,3,2,26,7,1,Medical,Male,Research Scientist,4,3,4
145,No,13,12,12,8,2,30,62400,4,1,51,1,4,Medical,Female,Healthcare Representative,1,2,1
148,No,5,3,4,4,1,30,62400,3,3,54,26,3,Human Resources,Female,Manager,4,3,4
151,No,1,0,0,0,2,45,93600,3,3,34,6,4,Life Sciences,Female,Research Scientist,2,3,3
153,No,11,10,5,8,2,45,93600,3,6,34,1,3,Medical,Female,Manager,1,3,3
154,No,9,7,2,8,3,92,191360,3,6,36,11,2,Technical Degree,Female,Sales Executive,4,3,2
155,No,1,0,0,0,2,27,56160,4,2,36,2,2,Life Sciences,Female,Laboratory Technician,4,3,1
158,No,25,12,4,12,3,92,191360,3,3,43,26,2,Life Sciences,Male,Manager,4,4,3
159,No,10,7,0,9,2,96,199680,4,2,30,23,3,Life Sciences,Male,Research Scientist,3,2,1
160,No,7,7,0,7,3,95,197600,3,2,33,22,2,Marketing,Male,Sales Executive,2,4,3
161,Yes,5,4,4,3,2,72,149760,3,2,56,14,4,Life Sciences,Female,Research Scientist,2,3,2
163,Yes,7,7,7,7,3,76,158080,3,3,31,6,4,Life Sciences,Male,Sales Executive,3,2,2
164,No,5,4,4,3,2,46,95680,3,3,27,6,3,Other,Female,Research Scientist,2,2,3
167,Yes,0,0,0,0,3,33,68640,3,2,19,22,1,Marketing,Male,Sales Representative,3,2,4
171,No,3,2,1,2,2,72,149760,3,2,43,28,3,Medical,Female,Research Scientist,3,3,2
174,No,2,2,2,1,3,77,160160,3,3,50,12,3,Marketing,Female,Sales Executive,4,3,3
175,Yes,2,2,2,2,3,71,147680,3,2,31,20,3,Life Sciences,Female,Sales Executive,3,3,2
176,No,9,7,0,7,3,96,199680,3,2,41,9,1,Life Sciences,Male,Sales Executive,3,3,3
177,No,8,7,5,7,1,29,60320,4,3,37,25,1,Life Sciences,Female,Human Resources,3,3,3
178,No,3,2,0,1,2,84,174720,4,0,36,6,2,Medical,Male,Manufacturing Director,2,3,2
179,Yes,4,2,0,3,2,53,110240,3,2,51,8,4,Life Sciences,Male,Manufacturing Director,4,3,1
182,No,15,11,5,9,3,47,97760,3,1,39,4,4,Life Sciences,Female,Sales Executive,3,4,4
183,No,2,2,2,2,3,41,85280,3,3,38,28,3,Life Sciences,Male,Sales Executive,3,3,1
184,No,11,9,4,7,1,33,68640,3,2,30,9,3,Human Resources,Male,Human Resources,4,1,3
193,No,3,2,2,2,2,32,66560,4,2,38,3,5,Technical Degree,Female,Research Scientist,3,3,4
194,No,5,4,0,4,2,75,156000,3,4,30,18,3,Life Sciences,Female,Research Scientist,3,2,1
195,No,8,7,0,7,3,35,72800,3,2,32,9,2,Medical,Male,Sales Executive,4,4,4
197,No,3,2,2,2,2,84,174720,3,3,30,4,3,Technical Degree,Female,Research Scientist,1,3,4
198,No,5,3,1,2,2,33,68640,3,3,30,2,1,Medical,Male,Laboratory Technician,4,3,2
200,No,5,0,1,4,2,25,52000,4,2,41,9,4,Life Sciences,Male,Laboratory Technician,1,3,3
201,No,1,0,0,0,2,28,58240,3,3,19,5,1,Medical,Female,Laboratory Technician,2,3,2
202,No,20,7,2,13,2,54,112320,3,2,40,26,3,Medical,Female,Research Scientist,2,3,2
204,No,10,8,0,6,3,94,195520,3,3,39,1,5,Marketing,Male,Sales Executive,2,3,3
205,No,7,7,4,5,3,27,56160,4,3,53,6,2,Marketing,Male,Sales Representative,3,1,2
206,No,17,9,0,15,2,26,54080,3,2,45,9,3,Life Sciences,Male,Laboratory Technician,2,1,2
207,No,9,8,3,7,3,43,89440,3,2,32,8,3,Marketing,Female,Sales Executive,4,3,2
211,No,1,0,0,0,2,34,70720,3,2,51,7,4,Medical,Male,Manufacturing Director,3,3,2
214,No,1,0,0,0,2,75,156000,4,3,58,9,3,Medical,Female,Research Scientist,2,2,2
215,No,12,11,2,11,3,67,139360,3,2,40,4,4,Marketing,Male,Sales Executive,4,2,3
216,No,4,3,1,2,3,25,52000,3,3,34,2,4,Marketing,Female,Sales Representative,3,3,3
217,No,2,2,2,2,2,80,166400,4,6,22,19,1,Medical,Male,Research Scientist,4,3,3
218,No,2,2,2,2,2,57,118560,3,1,27,9,3,Medical,Male,Research Scientist,2,1,4
221,No,5,2,0,2,2,42,87360,3,2,28,21,3,Medical,Male,Research Scientist,4,1,3
224,No,1,1,0,1,2,79,164320,3,2,27,6,3,Medical,Male,Research Scientist,3,2,3
226,No,5,4,4,4,2,53,110240,3,5,50,11,3,Life Sciences,Female,Manager,2,3,3
227,No,9,8,1,8,2,56,116480,3,2,41,14,3,Life Sciences,Male,Research Scientist,3,3,1
228,No,10,9,7,4,3,41,85280,3,2,30,7,3,Life Sciences,Female,Sales Executive,4,3,2
231,No,5,4,1,4,2,43,89440,4,2,32,6,5,Life Sciences,Male,Research Scientist,3,3,3
235,Yes,0,0,0,0,3,29,60320,4,5,19,1,1,Technical Degree,Female,Sales Representative,1,4,3
238,No,8,7,7,2,2,30,62400,3,3,36,8,2,Medical,Male,Laboratory Technician,2,2,4
239,No,12,9,6,10,2,27,56160,3,4,30,9,3,Medical,Male,Laboratory Technician,1,3,3
242,No,3,1,0,2,2,90,187200,3,2,33,2,3,Life Sciences,Male,Research Scientist,4,4,3
243,Yes,1,0,1,0,2,26,54080,4,3,19,2,3,Life Sciences,Male,Laboratory Technician,4,2,2
244,No,24,13,15,7,3,92,191360,4,2,46,1,2,Marketing,Female,Sales Executive,1,3,2
246,No,4,2,0,2,2,95,197600,4,0,31,12,1,Medical,Female,Research Scientist,4,3,3
247,No,3,2,1,2,2,95,197600,3,3,34,27,2,Medical,Female,Research Scientist,2,3,4
248,Yes,4,3,0,2,3,27,56160,4,5,41,20,2,Marketing,Female,Sales Representative,2,2,2
249,No,3,2,0,2,2,30,62400,3,2,50,1,3,Medical,Male,Laboratory Technician,3,2,3
252,No,8,7,1,6,2,72,149760,3,5,33,14,3,Medical,Female,Research Scientist,2,3,4
253,No,20,8,9,9,2,46,95680,3,2,40,4,1,Medical,Female,Manager,3,3,4
254,No,24,15,2,15,2,61,126880,3,3,55,14,4,Medical,Male,Research Director,2,3,3
258,No,7,7,1,0,2,29,60320,3,6,51,9,3,Medical,Female,Healthcare Representative,2,3,4
259,No,33,18,11,9,2,65,135200,3,5,52,1,4,Life Sciences,Male,Manager,3,3,3
260,No,7,7,0,3,2,99,205920,3,2,27,9,3,Medical,Female,Research Scientist,2,2,4
262,No,5,4,2,2,2,37,76960,3,3,43,7,3,Medical,Male,Research Scientist,4,4,4
264,No,20,8,11,8,2,65,135200,4,1,45,2,2,Medical,Male,Manager,4,3,1
267,No,8,7,1,7,2,65,135200,3,3,37,21,3,Life Sciences,Male,Research Scientist,1,2,2
270,No,5,3,0,2,2,36,74880,3,5,42,21,2,Medical,Female,Manufacturing Director,3,3,3
274,No,2,2,2,0,2,60,124800,3,1,27,1,1,Technical Degree,Male,Manufacturing Director,1,3,3
275,No,7,7,1,7,2,92,191360,3,0,49,18,4,Life Sciences,Male,Manufacturing Director,4,3,4
277,No,5,3,2,0,2,43,89440,3,4,34,10,4,Medical,Male,Research Scientist,3,4,4
282,Yes,1,0,0,0,2,27,56160,3,2,38,29,1,Medical,Male,Healthcare Representative,1,3,2
283,Yes,10,4,1,9,3,35,72800,4,3,29,27,3,Marketing,Female,Sales Executive,4,2,2
284,No,4,2,2,2,2,60,124800,3,2,22,10,3,Life Sciences,Male,Research Scientist,2,2,4
286,No,8,1,1,7,2,33,68640,3,2,36,18,1,Medical,Female,Laboratory Technician,4,3,2
292,No,11,8,5,8,2,88,183040,4,2,30,1,1,Life Sciences,Male,Manufacturing Director,3,3,3
293,No,7,7,0,7,3,90,187200,3,2,27,20,3,Life Sciences,Female,Sales Executive,3,3,4
296,No,10,9,4,7,2,81,168480,3,5,51,8,4,Life Sciences,Male,Research Director,2,1,2
297,Yes,5,2,0,4,2,88,183040,3,5,30,11,3,Technical Degree,Female,Research Scientist,1,3,4
298,No,1,0,0,0,3,75,156000,3,3,41,6,3,Life Sciences,Female,Manager,4,3,4
299,Yes,6,3,0,1,3,52,108160,3,5,30,26,4,Marketing,Female,Sales Executive,1,2,3
300,Yes,6,2,1,5,2,85,176800,3,1,29,1,3,Technical Degree,Male,Research Scientist,3,2,3
303,No,6,2,0,5,3,52,108160,3,4,54,12,3,Marketing,Female,Sales Executive,1,3,4
306,No,10,8,0,7,2,47,97760,3,1,37,11,3,Other,Male,Research Director,4,3,2
307,No,16,10,5,13,3,76,158080,3,6,38,13,3,Life Sciences,Male,Sales Executive,3,2,1
308,No,5,4,1,4,2,90,187200,3,2,31,1,4,Medical,Male,Manufacturing Director,3,3,3
309,No,1,0,0,0,2,70,145600,3,6,59,14,3,Life Sciences,Male,Research Scientist,4,3,3
311,No,9,8,5,8,3,30,62400,3,2,37,4,4,Marketing,Male,Sales Representative,4,3,1
312,No,11,10,4,1,3,42,87360,3,5,29,1,1,Medical,Female,Sales Executive,4,3,2
314,No,10,7,0,8,3,92,191360,3,3,35,1,3,Marketing,Female,Sales Executive,3,4,3
315,Yes,4,3,0,1,2,86,178880,3,3,29,18,1,Medical,Male,Research Scientist,4,2,3
316,No,2,2,2,2,2,27,56160,3,3,52,2,3,Life Sciences,Female,Laboratory Technician,4,2,3
321,No,2,2,2,2,1,28,58240,3,2,59,6,2,Medical,Male,Human Resources,3,2,2
325,Yes,5,4,0,4,2,29,60320,3,2,33,14,3,Medical,Male,Laboratory Technician,4,1,3
327,No,17,13,1,9,3,80,166400,4,3,43,16,3,Marketing,Female,Manager,4,3,4
330,No,4,3,1,2,3,31,64480,3,5,32,4,2,Life Sciences,Female,Sales Representative,2,3,3
333,No,3,2,2,2,3,100,208000,3,2,32,26,4,Marketing,Male,Sales Executive,4,3,3
334,No,1,0,0,0,2,36,74880,3,2,41,19,2,Life Sciences,Male,Research Scientist,1,2,3
337,No,2,2,2,2,2,73,151840,3,3,31,15,4,Medical,Male,Research Director,3,3,2
338,No,2,2,0,2,2,63,131040,3,2,33,16,4,Life Sciences,Female,Research Scientist,4,2,3
340,No,3,1,0,2,2,83,172640,3,2,37,1,2,Medical,Female,Research Scientist,1,2,3
341,No,3,2,0,2,2,77,160160,3,1,45,7,4,Life Sciences,Male,Manufacturing Director,3,3,1
342,Yes,1,0,0,0,2,61,126880,3,5,37,10,3,Medical,Male,Manufacturing Director,3,3,1
343,No,19,6,11,8,2,28,58240,4,1,39,2,4,Technical Degree,Female,Healthcare Representative,3,3,3
346,No,6,5,1,5,2,60,124800,3,1,29,15,3,Life Sciences,Male,Research Scientist,4,3,3
347,No,3,2,0,2,2,82,170560,3,1,42,17,2,Life Sciences,Female,Research Scientist,1,3,4
350,No,4,2,1,2,2,62,128960,3,3,29,1,3,Life Sciences,Female,Manufacturing Director,3,3,1
351,No,9,6,7,8,2,29,60320,3,4,42,2,3,Medical,Female,Laboratory Technician,1,3,4
352,No,21,7,3,9,2,49,101920,3,5,40,2,2,Medical,Male,Research Director,3,3,1
353,No,1,0,0,0,2,96,199680,3,0,51,1,3,Life Sciences,Male,Research Scientist,4,2,3
359,No,5,1,0,3,2,25,52000,4,3,32,7,3,Life Sciences,Male,Laboratory Technician,2,1,2
362,No,6,2,0,4,2,30,62400,3,5,32,2,1,Technical Degree,Male,Laboratory Technician,1,3,4
363,No,7,7,7,7,3,75,156000,3,2,46,2,3,Technical Degree,Female,Manager,2,2,3
364,Yes,0,0,0,0,2,31,64480,3,5,26,2,4,Life Sciences,Male,Laboratory Technician,3,1,1
369,No,6,3,1,5,2,30,62400,3,2,36,17,2,Life Sciences,Male,Healthcare Representative,1,3,2
372,No,20,7,4,10,2,28,58240,3,2,45,20,2,Medical,Male,Healthcare Representative,4,3,3
373,No,15,13,10,11,2,29,60320,3,4,36,6,3,Life Sciences,Male,Laboratory Technician,4,3,4
377,No,5,2,0,4,2,94,195520,4,3,27,9,3,Medical,Male,Research Scientist,4,2,4
378,No,5,4,0,1,3,98,203840,3,5,37,6,4,Medical,Male,Sales Executive,4,4,3
381,No,7,7,6,2,2,71,147680,3,6,37,22,3,Life Sciences,Female,Manager,2,2,2
384,No,6,5,1,4,2,84,174720,4,6,38,1,3,Life Sciences,Female,Manufacturing Director,2,1,3
385,No,10,4,1,6,2,96,199680,3,4,50,4,1,Life Sciences,Male,Research Director,2,2,1
386,No,5,3,1,3,2,45,93600,3,5,53,18,4,Medical,Male,Research Director,3,2,3
387,No,20,16,11,6,3,99,205920,4,3,42,1,1,Life Sciences,Male,Sales Executive,3,3,2
389,No,10,7,0,8,2,29,60320,3,4,55,20,2,Technical Degree,Male,Laboratory Technician,4,3,2
390,No,5,3,3,3,2,28,58240,3,3,28,11,2,Medical,Male,Healthcare Representative,1,3,1
393,No,2,2,1,2,2,27,56160,3,2,38,23,4,Life Sciences,Male,Healthcare Representative,4,3,4
394,Yes,3,2,0,2,2,32,66560,3,2,29,16,4,Medical,Male,Laboratory Technician,2,3,1
396,No,3,2,1,2,2,35,72800,3,4,49,10,4,Life Sciences,Female,Research Director,1,3,3
401,Yes,8,7,7,4,3,48,99840,3,0,35,4,4,Marketing,Male,Sales Executive,4,3,4
403,No,4,2,1,2,2,53,110240,3,3,37,9,3,Medical,Male,Research Scientist,4,2,2
404,No,20,4,4,8,3,77,160160,3,2,42,26,3,Marketing,Female,Sales Executive,2,4,3
408,No,4,1,1,2,2,84,174720,3,3,51,2,3,Medical,Male,Manufacturing Director,2,3,4
410,No,22,10,0,4,3,88,183040,3,2,41,2,4,Life Sciences,Male,Manager,2,3,4
411,No,0,0,0,0,3,32,66560,3,2,18,10,3,Medical,Female,Sales Representative,3,3,4
412,No,8,3,0,7,2,33,68640,3,2,36,16,2,Medical,Male,Healthcare Representative,1,3,2
417,No,18,10,3,7,2,31,64480,3,5,39,1,3,Medical,Male,Healthcare Representative,4,2,3
419,No,9,8,0,8,2,26,54080,3,3,36,24,4,Life Sciences,Female,Laboratory Technician,2,3,2
421,No,10,8,0,1,2,81,168480,3,2,38,25,2,Life Sciences,Female,Research Director,2,3,1
422,No,5,3,1,2,2,32,66560,3,2,58,1,4,Life Sciences,Male,Healthcare Representative,3,3,4
425,No,24,9,9,11,2,26,54080,3,2,45,7,3,Life Sciences,Male,Laboratory Technician,1,3,1
428,No,10,6,8,8,2,74,153920,3,2,33,19,4,Life Sciences,Female,Manager,2,3,4
429,No,21,9,11,10,2,99,205920,3,3,39,10,1,Medical,Male,Manager,1,3,3
430,No,8,7,1,7,2,33,68640,3,5,43,10,4,Life Sciences,Female,Laboratory Technician,4,3,3
433,Yes,8,2,7,7,2,85,176800,3,3,52,8,4,Medical,Male,Research Scientist,2,2,3
434,No,4,3,1,2,2,85,176800,3,2,27,20,3,Life Sciences,Female,Research Scientist,2,2,3
436,No,13,12,11,9,3,65,135200,3,2,32,8,2,Technical Degree,Female,Sales Executive,2,3,3
437,No,5,4,0,4,3,74,153920,3,3,27,2,3,Life Sciences,Male,Sales Executive,3,3,4
438,No,7,7,1,7,3,73,151840,3,3,31,7,3,Marketing,Male,Sales Executive,4,3,4
442,No,10,9,8,9,2,48,99840,4,2,31,7,2,Life Sciences,Female,Manufacturing Director,3,3,3
444,No,21,9,13,3,2,54,112320,3,2,39,7,2,Medical,Male,Manager,4,3,3
445,Yes,1,0,0,0,3,41,85280,3,3,39,1,2,Medical,Female,Sales Executive,3,2,4
446,No,7,7,0,1,3,46,95680,3,6,33,10,3,Marketing,Male,Sales Executive,4,2,2
447,No,3,2,1,1,2,42,87360,3,2,47,2,5,Life Sciences,Male,Research Director,3,3,4
448,No,9,7,0,0,2,33,68640,3,3,43,10,4,Life Sciences,Female,Laboratory Technician,3,4,3
451,No,1,0,0,0,2,27,56160,3,1,43,7,3,Life Sciences,Female,Healthcare Representative,1,2,3
452,No,10,9,9,8,2,75,156000,3,3,45,8,4,Other,Male,Research Scientist,4,3,4
453,No,4,3,0,2,3,57,118560,4,2,40,1,2,Medical,Male,Sales Executive,4,2,2
454,Yes,7,7,0,7,2,25,52000,3,4,29,8,4,Other,Male,Laboratory Technician,1,2,2
455,No,3,2,2,2,2,30,62400,3,2,29,9,5,Other,Male,Laboratory Technician,4,3,2
456,No,10,9,1,2,3,30,62400,3,2,30,3,3,Marketing,Female,Sales Executive,3,3,4
460,No,6,2,0,4,2,61,126880,3,2,37,4,2,Medical,Male,Manufacturing Director,4,2,4
461,No,11,10,2,9,2,92,191360,3,3,38,15,2,Life Sciences,Male,Research Director,4,3,3
463,No,7,7,1,7,3,39,81120,3,2,29,10,1,Marketing,Female,Sales Executive,2,3,4
465,No,4,2,0,2,2,83,172640,3,2,23,26,1,Life Sciences,Male,Research Scientist,4,2,3
467,No,0,0,0,0,3,32,66560,3,3,47,4,1,Medical,Male,Sales Representative,3,3,2
468,No,1,0,0,0,2,44,91520,3,2,42,23,5,Life Sciences,Female,Research Director,4,3,1
469,No,4,3,0,2,3,61,126880,3,3,29,2,3,Life Sciences,Male,Sales Executive,3,2,4
473,No,0,0,0,0,3,91,189280,4,3,48,29,1,Medical,Female,Manager,3,1,1
477,No,1,0,0,0,2,32,66560,4,6,42,2,4,Other,Male,Healthcare Representative,4,3,1
478,Yes,3,2,1,2,3,25,52000,3,3,21,1,1,Technical Degree,Female,Sales Representative,2,3,1
481,No,13,9,1,12,3,48,99840,3,2,36,5,4,Medical,Male,Sales Executive,4,3,1
482,No,3,2,1,2,2,26,54080,3,2,57,1,4,Medical,Male,Healthcare Representative,3,3,4
484,No,3,2,2,2,3,28,58240,4,3,21,9,2,Medical,Male,Sales Representative,4,2,1
486,No,5,4,0,3,2,25,52000,4,3,37,10,3,Medical,Female,Laboratory Technician,1,3,3
488,Yes,8,7,7,7,3,56,116480,3,5,41,4,3,Marketing,Male,Sales Executive,2,3,1
492,Yes,6,4,1,0,3,68,141440,3,6,40,22,2,Marketing,Male,Sales Executive,3,3,3
493,No,2,2,2,2,2,42,87360,3,5,31,9,4,Life Sciences,Male,Research Scientist,2,3,3
496,No,1,1,0,0,2,29,60320,3,5,37,9,4,Life Sciences,Male,Healthcare Representative,2,3,3
497,No,5,2,0,4,2,27,56160,3,2,27,1,2,Medical,Male,Laboratory Technician,2,3,4
499,No,5,2,0,0,2,31,64480,4,2,49,7,3,Other,Male,Healthcare Representative,3,3,2
500,No,7,7,0,7,3,87,180960,3,2,51,14,2,Life Sciences,Female,Sales Executive,4,2,3
502,Yes,5,2,0,4,3,67,139360,3,3,34,19,3,Marketing,Male,Sales Executive,4,2,1
505,No,5,4,1,2,2,97,201760,3,2,55,2,3,Life Sciences,Female,Manager,4,3,3
511,No,2,1,1,2,2,43,89440,3,1,22,11,3,Medical,Female,Research Scientist,2,3,1
513,No,10,9,9,0,3,61,126880,3,2,36,2,2,Medical,Male,Sales Executive,3,3,2
514,Yes,1,0,0,0,2,40,83200,4,4,30,4,3,Technical Degree,Male,Research Scientist,4,3,3
515,No,18,7,12,17,2,30,62400,3,2,37,14,3,Life Sciences,Female,Laboratory Technician,1,2,4
516,No,5,4,1,3,3,46,95680,3,5,40,2,2,Marketing,Female,Sales Executive,2,3,4
517,No,5,2,1,2,2,28,58240,3,5,42,1,4,Life Sciences,Female,Laboratory Technician,1,3,2
518,No,1,0,0,1,2,49,101920,3,2,37,10,4,Life Sciences,Male,Manufacturing Director,2,2,3
520,No,25,10,3,9,2,59,122720,3,3,43,12,3,Life Sciences,Male,Research Director,2,3,1
521,No,1,0,0,0,2,33,68640,4,3,40,2,3,Medical,Female,Laboratory Technician,3,3,2
522,No,4,2,1,2,2,86,178880,3,4,54,1,2,Medical,Male,Research Director,1,2,1
523,No,3,2,1,2,3,72,149760,3,3,34,4,4,Marketing,Female,Sales Executive,3,3,3
525,No,3,2,1,2,2,26,54080,4,1,43,21,3,Medical,Male,Laboratory Technician,4,3,4
526,No,5,2,0,2,2,26,54080,3,3,43,8,4,Other,Female,Healthcare Representative,3,3,3
527,No,5,4,1,3,3,99,205920,3,3,26,4,2,Life Sciences,Female,Sales Executive,4,3,2
530,No,4,2,3,2,2,29,60320,3,3,31,1,2,Life Sciences,Male,Laboratory Technician,1,3,4
531,No,21,8,1,6,2,52,108160,3,3,39,1,1,Life Sciences,Male,Manager,3,3,2
532,No,7,7,7,7,3,86,178880,3,0,56,6,3,Life Sciences,Female,Sales Executive,1,2,3
533,No,5,4,4,4,3,83,172640,3,6,30,12,3,Technical Degree,Female,Sales Executive,3,3,2
534,No,10,7,0,7,3,49,101920,3,2,41,1,3,Marketing,Male,Sales Executive,1,3,2
536,No,10,0,1,8,2,28,58240,3,2,38,17,2,Medical,Male,Laboratory Technician,1,3,3
543,No,5,4,0,4,2,39,81120,3,4,52,2,3,Medical,Male,Manufacturing Director,3,3,4
544,No,2,2,0,2,2,69,143520,4,3,45,10,2,Life Sciences,Male,Research Scientist,4,2,1
546,No,5,2,1,4,2,30,62400,3,2,52,4,2,Life Sciences,Female,Manager,4,1,4
547,No,5,4,0,2,2,92,191360,3,3,42,29,2,Life Sciences,Female,Research Scientist,3,3,1
548,No,5,4,0,2,2,43,89440,4,2,30,2,3,Life Sciences,Female,Manufacturing Director,4,3,3
550,No,10,7,0,8,2,87,180960,3,5,46,18,3,Medical,Female,Manufacturing Director,3,2,3
554,Yes,5,3,1,4,3,30,62400,3,4,24,1,1,Technical Degree,Female,Sales Representative,2,3,1
558,No,20,15,1,12,3,79,164320,3,2,40,2,4,Life Sciences,Female,Manager,3,3,3
560,No,3,2,0,2,2,90,187200,4,3,27,23,3,Life Sciences,Female,Research Scientist,4,1,1
562,No,5,3,1,4,2,31,64480,3,3,30,3,3,Life Sciences,Male,Laboratory Technician,4,1,3
565,Yes,2,2,1,1,2,71,147680,3,2,29,25,5,Technical Degree,Female,Research Scientist,2,4,3
568,No,1,0,0,0,3,56,116480,3,3,57,29,3,Marketing,Male,Manager,4,2,1
578,No,1,0,0,0,2,27,56160,3,3,54,8,4,Life Sciences,Female,Laboratory Technician,3,3,3
581,No,13,8,0,8,2,33,68640,4,6,31,9,1,Life Sciences,Male,Manufacturing Director,2,4,3
582,Yes,7,6,7,7,2,56,116480,3,2,33,15,1,Medical,Male,Manager,3,4,2
584,Yes,4,3,1,3,2,26,54080,3,2,33,10,1,Medical,Male,Laboratory Technician,4,3,1
585,No,3,2,1,2,3,28,58240,3,3,30,7,1,Marketing,Male,Sales Representative,2,3,4
586,No,8,7,0,0,2,25,52000,3,2,35,16,3,Life Sciences,Male,Healthcare Representative,3,3,4
590,Yes,3,2,0,2,1,28,58240,3,2,34,23,3,Human Resources,Female,Human Resources,1,3,2
591,No,2,2,2,0,2,32,66560,3,4,42,4,2,Other,Male,Laboratory Technician,3,3,2
592,No,10,3,9,7,3,32,66560,3,3,36,10,4,Medical,Male,Sales Executive,4,2,2
593,Yes,2,2,1,2,2,33,68640,3,3,22,4,1,Technical Degree,Male,Laboratory Technician,3,3,3
595,No,9,7,6,7,3,37,76960,3,2,48,2,5,Marketing,Female,Sales Executive,4,3,2
597,No,10,9,7,7,3,83,172640,4,2,55,18,5,Life Sciences,Female,Manager,2,3,1
599,No,14,3,1,10,3,56,116480,3,3,41,10,2,Life Sciences,Male,Sales Executive,4,3,4
600,No,11,9,6,9,3,85,176800,3,2,45,1,3,Marketing,Male,Sales Executive,3,3,2
601,No,20,6,5,13,2,75,156000,3,3,40,6,3,Life Sciences,Female,Manufacturing Director,3,3,2
602,No,8,3,0,7,2,28,58240,3,3,39,8,1,Life Sciences,Female,Laboratory Technician,3,3,3
604,No,6,5,0,5,3,77,160160,3,2,31,2,1,Life Sciences,Male,Sales Executive,4,4,2
606,No,8,7,3,7,3,61,126880,3,3,45,2,3,Other,Male,Sales Executive,2,4,4
611,No,3,2,1,2,2,34,70720,3,2,29,19,3,Technical Degree,Male,Manufacturing Director,4,4,4
612,No,6,1,0,5,2,95,197600,3,2,33,1,5,Medical,Female,Research Director,3,3,1
613,No,5,4,0,1,3,44,91520,4,3,31,7,3,Life Sciences,Male,Manager,4,2,3
614,Yes,0,0,0,0,3,33,68640,3,3,18,5,3,Marketing,Male,Sales Representative,2,3,2
615,No,1,0,0,1,3,58,120640,3,2,40,28,3,Other,Male,Sales Executive,1,3,3
616,No,8,7,0,7,2,25,52000,3,3,41,2,4,Other,Female,Healthcare Representative,3,3,1
618,No,0,0,0,0,3,45,93600,3,5,36,29,2,Medical,Male,Sales Executive,3,3,1
620,No,5,4,0,3,3,80,166400,3,3,28,1,3,Medical,Female,Sales Executive,3,3,1
622,Yes,1,0,0,0,2,27,56160,3,3,29,24,3,Technical Degree,Male,Laboratory Technician,4,1,3
624,No,2,2,1,2,2,25,52000,3,3,46,18,1,Medical,Female,Healthcare Representative,3,2,1
625,No,18,16,11,8,3,91,189280,3,2,41,2,5,Life Sciences,Female,Manager,1,3,2
626,No,9,5,7,7,3,69,143520,3,6,37,9,4,Medical,Male,Sales Executive,2,3,1
630,No,10,9,6,9,2,78,162240,3,3,52,6,2,Technical Degree,Male,Research Scientist,1,3,4
631,Yes,4,2,1,2,3,60,124800,3,2,32,11,4,Other,Male,Sales Executive,3,3,4
632,No,2,2,2,1,3,28,58240,3,3,24,24,3,Medical,Male,Sales Representative,4,3,4
635,No,6,5,4,3,2,65,135200,3,2,37,1,4,Life Sciences,Female,Manufacturing Director,2,2,2
638,No,31,9,0,9,2,58,120640,3,5,49,18,4,Life Sciences,Male,Research Director,3,3,4
639,No,6,5,1,4,2,89,185120,3,3,24,23,3,Medical,Male,Research Scientist,4,3,2
641,No,5,3,1,4,3,66,137280,4,5,37,28,2,Marketing,Male,Sales Executive,2,4,1
643,No,1,0,0,0,2,29,60320,4,2,24,17,2,Other,Male,Laboratory Technician,2,3,4
644,No,32,5,10,7,1,99,205920,3,2,50,6,3,Medical,Male,Manager,2,3,1
648,Yes,1,0,0,0,3,32,66560,3,2,30,12,4,Life Sciences,Male,Sales Representative,1,4,2
652,No,3,2,0,2,2,30,62400,3,3,38,25,2,Other,Male,Laboratory Technician,4,3,1
653,No,7,7,5,7,3,66,137280,4,4,31,6,4,Medical,Male,Sales Executive,4,4,1
657,No,1,0,0,0,2,83,172640,3,0,20,1,3,Life Sciences,Female,Research Scientist,2,4,4
659,No,10,2,2,2,2,26,54080,3,4,42,2,4,Life Sciences,Female,Healthcare Representative,4,3,3
661,No,1,0,0,0,2,50,104000,3,3,43,6,4,Other,Male,Research Director,4,2,2
662,No,0,0,0,0,2,43,89440,3,3,38,1,1,Life Sciences,Female,Research Scientist,1,2,3
663,No,8,7,4,7,2,30,62400,3,3,43,9,5,Medical,Male,Laboratory Technician,3,3,4
664,No,3,2,0,2,2,40,83200,3,3,48,1,4,Life Sciences,Female,Manager,1,1,4
667,Yes,4,3,0,2,3,27,56160,3,3,27,2,1,Marketing,Male,Sales Representative,1,3,3
669,No,3,2,1,2,3,25,52000,3,2,21,22,1,Technical Degree,Male,Sales Representative,3,3,3
675,No,2,2,2,2,2,69,143520,4,3,22,6,1,Medical,Male,Research Scientist,3,3,1
677,No,5,0,1,2,3,39,81120,3,3,33,8,4,Marketing,Male,Sales Executive,3,3,3
679,No,6,4,0,5,2,92,191360,3,2,32,9,4,Life Sciences,Female,Research Scientist,4,2,1
680,No,1,0,0,0,2,71,147680,4,2,30,7,3,Medical,Female,Research Scientist,3,3,3
682,No,14,7,8,10,3,34,70720,4,2,53,1,1,Medical,Female,Sales Executive,1,4,4
683,No,10,9,8,8,2,42,87360,3,4,34,1,5,Life Sciences,Male,Research Scientist,4,2,2
684,Yes,1,1,0,0,3,100,208000,3,4,45,26,4,Life Sciences,Female,Sales Executive,1,3,1
686,No,3,2,0,2,2,30,62400,3,2,26,6,3,Life Sciences,Female,Laboratory Technician,4,3,3
690,No,6,0,1,2,3,62,128960,3,5,29,8,2,Medical,Female,Sales Executive,3,2,2
691,No,17,11,11,8,2,82,170560,3,3,46,6,4,Life Sciences,Male,Research Scientist,4,3,2
692,No,13,11,4,7,2,30,62400,4,2,33,6,3,Life Sciences,Male,Healthcare Representative,4,1,3
698,No,9,7,7,1,1,31,64480,3,1,54,19,4,Medical,Male,Human Resources,2,4,3
699,No,3,2,0,2,2,48,99840,3,2,36,9,2,Medical,Male,Manufacturing Director,2,3,2
700,No,4,2,1,1,2,54,112320,3,0,27,9,4,Medical,Male,Research Scientist,4,3,1
701,Yes,1,0,1,1,2,32,66560,3,5,20,10,1,Medical,Male,Research Scientist,3,3,4
704,No,1,0,0,0,2,25,52000,3,3,27,10,3,Life Sciences,Male,Laboratory Technician,3,3,3
705,No,3,2,0,2,2,58,120640,3,3,23,4,3,Medical,Male,Research Scientist,1,4,1
707,No,3,2,1,2,3,57,118560,4,4,28,8,3,Life Sciences,Male,Sales Executive,2,3,4
709,No,7,7,0,5,3,46,95680,4,2,38,7,4,Marketing,Female,Sales Executive,4,3,4
710,No,10,7,2,8,2,76,158080,3,5,29,1,4,Life Sciences,Male,Research Scientist,4,3,2
712,No,2,2,2,2,3,56,116480,3,3,48,2,1,Marketing,Male,Sales Executive,2,3,2
714,No,6,5,0,4,3,71,147680,4,3,27,11,1,Medical,Female,Sales Executive,4,3,4
716,No,20,8,3,8,2,31,64480,3,3,50,28,1,Medical,Male,Laboratory Technician,3,3,4
717,No,8,7,7,7,2,31,64480,3,3,34,9,3,Medical,Female,Healthcare Representative,2,4,4
720,Yes,2,2,2,0,3,65,135200,3,3,24,12,2,Life Sciences,Female,Sales Executive,3,3,1
725,No,9,7,0,7,2,68,141440,3,3,27,1,2,Life Sciences,Female,Manufacturing Director,1,3,3
727,No,7,7,7,7,2,39,81120,3,6,32,13,2,Life Sciences,Female,Research Director,4,3,3
729,No,18,13,1,12,3,48,99840,4,2,40,14,4,Life Sciences,Male,Sales Executive,1,3,4
732,No,2,2,2,2,3,84,174720,3,1,60,16,4,Marketing,Male,Sales Executive,1,3,1
733,No,9,7,1,7,2,32,66560,4,4,27,10,2,Life Sciences,Male,Manufacturing Director,1,2,4
738,No,2,2,2,2,3,29,60320,3,2,50,8,4,Marketing,Male,Sales Representative,2,3,4
741,Yes,7,7,3,7,2,67,139360,3,4,35,1,2,Life Sciences,Female,Research Scientist,2,3,1
742,No,8,7,0,5,2,63,131040,3,2,36,8,3,Life Sciences,Female,Research Director,1,3,1
743,No,1,0,0,0,2,81,168480,3,4,38,1,3,Life Sciences,Female,Manufacturing Director,3,4,3
747,No,8,7,7,7,3,99,205920,4,2,30,27,5,Marketing,Male,Sales Executive,4,2,3
749,No,1,0,0,0,3,27,56160,3,6,29,10,3,Life Sciences,Male,Sales Representative,3,3,3
752,Yes,2,2,2,2,2,57,118560,3,2,42,19,3,Medical,Male,Research Scientist,3,3,3
758,No,4,3,0,2,2,32,66560,3,2,23,9,1,Medical,Male,Laboratory Technician,1,4,2
762,No,10,7,1,1,2,33,68640,3,1,56,9,3,Medical,Male,Healthcare Representative,4,2,3
763,No,4,2,2,3,2,86,178880,4,2,40,2,1,Medical,Female,Research Scientist,4,2,4
764,No,7,6,0,7,2,29,60320,3,2,27,7,3,Medical,Female,Healthcare Representative,1,1,4
766,No,2,2,2,2,3,28,58240,3,2,29,10,3,Marketing,Male,Sales Representative,2,3,4
769,No,2,2,2,2,2,31,64480,3,4,53,6,3,Life Sciences,Male,Laboratory Technician,4,3,4
771,No,1,0,0,0,2,28,58240,3,2,47,2,4,Life Sciences,Female,Healthcare Representative,1,4,4
772,No,10,8,4,7,2,29,60320,3,2,32,24,4,Life Sciences,Male,Laboratory Technician,4,3,1
773,No,1,0,0,1,2,92,191360,3,0,38,2,5,Medical,Male,Research Scientist,3,1,4
780,Yes,10,9,7,8,2,63,131040,3,2,33,1,4,Other,Male,Research Scientist,4,2,4
781,No,6,5,1,4,3,32,66560,4,5,36,26,1,Medical,Female,Sales Executive,4,2,3
783,No,8,7,3,1,3,29,60320,3,3,45,2,2,Technical Degree,Male,Sales Representative,3,3,2
784,No,2,2,0,2,2,79,164320,3,3,23,10,1,Medical,Male,Research Scientist,3,3,1
787,Yes,5,2,1,4,2,78,162240,3,2,55,2,3,Medical,Male,Manager,1,3,4
789,No,10,7,0,9,3,76,158080,3,1,36,8,4,Life Sciences,Male,Sales Executive,1,3,1
793,No,8,7,1,1,2,30,62400,3,3,29,27,3,Medical,Female,Healthcare Representative,3,2,2
797,No,4,2,1,3,2,72,149760,3,2,34,1,4,Life Sciences,Female,Research Scientist,4,3,2
800,No,4,2,1,1,3,84,174720,3,3,27,8,1,Marketing,Male,Sales Executive,4,3,3
802,No,5,3,4,3,2,82,170560,3,3,37,10,1,Life Sciences,Female,Research Scientist,1,2,4
804,No,6,5,1,3,2,86,178880,3,3,34,2,4,Medical,Female,Research Scientist,1,3,3
805,No,3,2,0,2,3,30,62400,3,1,29,8,4,Life Sciences,Female,Sales Representative,4,2,1
806,No,2,2,0,2,2,31,64480,4,2,30,1,3,Life Sciences,Male,Laboratory Technician,3,3,4
811,Yes,0,0,0,0,2,32,66560,4,2,23,6,3,Life Sciences,Male,Laboratory Technician,1,3,3
812,No,1,0,0,0,2,25,52000,3,4,24,9,3,Life Sciences,Male,Laboratory Technician,2,3,3
813,No,5,2,1,4,2,29,60320,4,3,52,11,4,Life Sciences,Female,Laboratory Technician,3,3,4
816,Yes,1,0,0,0,2,25,52000,3,1,29,1,2,Life Sciences,Female,Laboratory Technician,1,3,2
820,No,26,14,3,0,2,33,68640,3,3,47,2,2,Other,Female,Manager,4,2,3
823,No,9,7,0,5,2,35,72800,3,2,36,1,3,Other,Female,Manufacturing Director,2,3,3
825,Yes,31,15,13,8,2,31,64480,3,2,58,2,4,Life Sciences,Male,Research Director,2,3,4
827,No,4,3,0,2,2,43,89440,3,4,42,1,2,Life Sciences,Female,Manufacturing Director,4,3,4
828,Yes,2,2,2,1,2,46,95680,3,3,26,2,4,Medical,Male,Research Scientist,3,2,3
829,No,5,2,0,4,1,31,64480,3,2,36,13,3,Human Resources,Male,Human Resources,2,3,3
830,No,14,13,6,8,2,98,203840,3,3,32,4,3,Life Sciences,Female,Manufacturing Director,3,3,3
834,No,1,0,0,0,2,95,197600,3,3,45,2,3,Life Sciences,Female,Research Scientist,3,3,2
836,No,9,8,7,8,2,98,203840,3,3,42,29,3,Life Sciences,Male,Manufacturing Director,2,2,2
837,No,4,3,1,2,2,33,68640,3,3,38,12,3,Life Sciences,Male,Healthcare Representative,1,2,1
838,No,5,2,1,3,2,100,208000,3,3,34,16,4,Life Sciences,Female,Research Scientist,4,3,3
842,Yes,9,7,7,3,3,37,76960,3,3,55,2,1,Medical,Male,Sales Executive,4,2,3
843,No,4,1,1,0,2,94,195520,4,3,43,14,2,Life Sciences,Male,Research Director,1,3,2
845,No,8,5,1,6,2,59,122720,4,3,48,7,3,Other,Male,Manufacturing Director,3,4,3
846,No,8,7,7,5,3,81,168480,4,2,37,2,4,Marketing,Female,Sales Executive,2,3,2
847,No,3,2,0,2,1,26,54080,3,1,34,15,2,Human Resources,Male,Human Resources,4,1,3
848,Yes,8,7,1,7,2,88,183040,3,2,39,16,2,Medical,Female,Research Scientist,3,3,3
851,No,20,6,4,17,3,66,137280,3,2,51,26,4,Marketing,Female,Manager,3,2,1
856,No,6,5,1,1,2,53,110240,3,3,34,27,1,Medical,Female,Research Scientist,1,2,3
859,No,5,2,0,3,3,73,151840,3,3,32,13,4,Life Sciences,Male,Sales Executive,4,2,2
861,No,5,4,0,3,2,75,156000,3,3,30,17,4,Life Sciences,Male,Research Scientist,4,2,2
862,No,5,2,0,4,3,78,162240,3,3,53,7,2,Marketing,Female,Sales Executive,4,3,1
864,No,5,4,0,2,3,74,153920,3,2,45,9,3,Marketing,Male,Sales Executive,1,3,4
867,No,9,8,0,0,2,81,168480,4,3,52,25,4,Medical,Female,Manufacturing Director,4,3,3
869,No,5,1,0,4,1,31,64480,3,6,35,8,2,Medical,Male,Human Resources,4,3,2
872,No,2,2,2,2,2,33,68640,4,2,22,1,2,Life Sciences,Male,Manufacturing Director,4,1,4
875,No,2,1,2,2,2,35,72800,3,2,42,2,1,Medical,Male,Research Scientist,4,3,2
878,No,5,4,0,3,1,32,66560,4,3,36,8,3,Life Sciences,Male,Human Resources,1,3,1
879,No,5,3,0,3,3,98,203840,3,3,27,18,1,Other,Male,Sales Executive,1,3,3
880,No,17,14,5,15,2,66,137280,4,2,49,9,3,Life Sciences,Female,Manufacturing Director,3,3,4
881,Yes,10,2,7,8,2,96,199680,3,3,36,25,4,Life Sciences,Female,Research Scientist,2,2,4
882,No,3,0,0,2,2,25,52000,3,2,32,1,3,Life Sciences,Male,Laboratory Technician,4,3,4
885,No,5,2,0,3,3,87,180960,3,1,28,4,1,Marketing,Male,Sales Executive,1,4,3
887,No,4,2,0,2,2,36,74880,3,2,49,1,3,Technical Degree,Female,Research Scientist,1,3,3
888,No,5,2,3,4,2,25,52000,3,2,24,4,1,Life Sciences,Male,Laboratory Technician,4,2,1
889,No,10,8,5,3,3,48,99840,3,3,32,19,2,Life Sciences,Male,Sales Executive,2,3,2
893,No,2,2,1,2,3,26,54080,3,3,38,9,3,Marketing,Male,Sales Representative,2,3,2
895,No,6,4,0,2,2,48,99840,3,2,31,11,4,Life Sciences,Male,Research Scientist,4,3,4
896,Yes,3,2,0,2,3,26,54080,3,3,29,1,3,Medical,Female,Sales Representative,3,3,2
897,No,2,0,2,2,3,73,151840,3,3,53,8,3,Marketing,Male,Sales Executive,4,3,1
899,No,13,10,4,8,2,78,162240,3,2,50,25,3,Technical Degree,Male,Manufacturing Director,2,3,4
900,No,5,4,0,0,3,27,56160,3,3,37,21,2,Medical,Female,Sales Representative,4,3,3
901,No,12,9,3,8,2,72,149760,3,0,53,23,4,Life Sciences,Female,Research Director,4,3,4
902,No,5,2,2,2,2,33,68640,3,2,43,1,3,Life Sciences,Female,Healthcare Representative,4,2,4
904,No,10,0,0,9,3,32,66560,3,2,37,19,2,Medical,Male,Sales Executive,2,3,1
905,No,31,6,14,7,2,98,203840,3,3,50,2,4,Life Sciences,Male,Manager,1,3,1
910,No,4,3,0,3,1,27,56160,3,4,33,20,2,Human Resources,Male,Human Resources,2,4,4
911,Yes,1,0,0,1,2,31,64480,4,2,32,25,4,Life Sciences,Male,Laboratory Technician,4,1,1
912,No,4,3,0,3,2,30,62400,3,5,29,7,1,Medical,Female,Laboratory Technician,4,3,1
913,No,8,7,7,1,2,61,126880,3,0,44,9,2,Life Sciences,Male,Research Scientist,1,3,2
916,No,4,2,0,2,3,98,203840,3,3,29,1,4,Medical,Male,Sales Executive,4,3,1
922,Yes,2,2,0,2,3,30,62400,3,3,20,2,3,Medical,Female,Sales Representative,3,2,3
923,Yes,1,0,0,0,2,65,135200,3,3,21,18,1,Other,Female,Research Scientist,4,2,4
924,No,16,8,4,11,2,31,64480,3,2,36,14,1,Life Sciences,Male,Healthcare Representative,4,2,3
926,Yes,3,2,0,2,2,34,70720,3,3,22,2,1,Life Sciences,Female,Manufacturing Director,3,4,2
927,Yes,7,7,1,0,2,31,64480,3,1,41,2,4,Life Sciences,Female,Laboratory Technician,4,2,2
932,Yes,2,2,2,2,2,33,68640,4,2,39,6,3,Medical,Male,Laboratory Technician,1,1,4
934,No,1,0,1,0,2,29,60320,3,3,34,10,3,Life Sciences,Male,Laboratory Technician,2,3,2
936,No,5,4,0,3,3,68,141440,3,6,42,14,2,Medical,Female,Sales Executive,3,3,3
939,No,3,2,0,2,2,100,208000,3,1,33,1,4,Other,Male,Research Scientist,1,3,3
941,No,7,7,5,2,3,31,64480,3,2,31,7,4,Life Sciences,Male,Sales Representative,3,4,2
942,No,10,6,0,7,2,28,58240,4,2,37,21,1,Life Sciences,Female,Healthcare Representative,4,1,4
945,No,0,0,0,0,2,51,106080,3,2,48,20,4,Medical,Male,Research Scientist,3,2,4
950,No,15,12,5,11,2,80,166400,3,3,38,1,3,Technical Degree,Female,Research Director,1,3,4
952,Yes,1,0,0,0,3,32,66560,3,2,29,19,2,Marketing,Male,Sales Representative,2,3,3
954,No,1,0,0,0,3,67,139360,3,2,40,10,4,Marketing,Male,Sales Executive,2,2,1
956,No,7,7,0,7,3,52,108160,3,2,38,1,3,Medical,Male,Sales Executive,1,3,3
957,No,18,13,2,17,2,25,52000,3,3,41,6,3,Medical,Male,Laboratory Technician,1,3,4
958,No,11,8,3,9,2,32,66560,4,6,36,2,4,Medical,Male,Laboratory Technician,3,3,3
959,Yes,1,0,0,0,3,29,60320,3,3,19,21,3,Other,Male,Sales Representative,2,4,4
960,Yes,1,0,0,0,2,26,54080,3,2,20,4,3,Technical Degree,Male,Laboratory Technician,1,3,1
961,No,9,7,8,5,2,25,52000,3,2,31,12,3,Medical,Female,Healthcare Representative,4,1,4
966,No,8,7,6,3,2,93,193440,3,2,32,3,4,Medical,Female,Manufacturing Director,1,4,3
969,No,5,0,1,4,2,27,56160,3,3,33,1,3,Life Sciences,Female,Healthcare Representative,4,3,2
970,Yes,14,1,11,7,3,46,95680,3,2,37,1,4,Life Sciences,Male,Sales Executive,3,1,1
972,No,9,7,0,8,2,27,56160,3,5,45,4,2,Life Sciences,Male,Laboratory Technician,2,2,3
974,No,3,1,0,2,3,30,62400,3,5,29,20,3,Technical Degree,Female,Sales Representative,4,3,3
975,No,5,2,1,0,3,86,178880,3,3,28,18,3,Medical,Female,Sales Executive,3,3,3
976,No,9,8,7,8,2,70,145600,3,2,52,1,2,Life Sciences,Male,Manager,4,2,4
981,No,17,13,15,2,3,45,93600,3,3,53,2,2,Medical,Male,Manager,3,4,3
982,No,8,4,7,7,3,62,128960,3,2,30,8,2,Other,Male,Sales Executive,3,4,3
983,No,5,3,1,3,3,85,176800,3,1,38,10,3,Technical Degree,Female,Sales Executive,4,3,3
985,No,8,7,0,7,3,41,85280,3,3,39,2,5,Life Sciences,Male,Sales Executive,3,3,1
987,No,19,10,2,7,2,64,133120,3,3,47,16,4,Medical,Male,Manufacturing Director,3,4,3
990,No,7,7,0,7,3,84,174720,3,3,36,8,4,Technical Degree,Male,Sales Executive,4,3,1
991,Yes,3,2,1,2,2,46,95680,4,0,31,9,2,Medical,Male,Research Scientist,1,3,3
992,No,10,8,6,0,3,38,79040,3,2,33,17,3,Life Sciences,Male,Manager,3,3,4
994,Yes,0,0,0,0,2,92,191360,4,5,29,10,3,Life Sciences,Female,Research Scientist,1,3,4
996,No,5,3,0,2,2,28,58240,3,2,45,1,4,Medical,Female,Laboratory Technician,4,3,4
997,No,5,4,1,3,2,66,137280,4,1,50,1,2,Medical,Male,Research Director,4,2,4
998,No,6,5,1,2,2,29,60320,3,2,33,1,4,Other,Female,Healthcare Representative,2,3,3
999,No,18,16,0,11,2,64,133120,3,2,41,9,3,Medical,Male,Research Director,3,4,1
1001,No,2,2,2,2,2,26,54080,3,2,27,16,4,Technical Degree,Female,Laboratory Technician,2,3,3
1002,No,9,8,0,8,2,29,60320,3,2,45,23,2,Life Sciences,Male,Laboratory Technician,1,3,4
1003,No,9,0,0,7,3,83,172640,3,0,47,4,2,Life Sciences,Female,Sales Executive,4,3,4
1004,Yes,5,2,0,1,2,48,99840,3,2,30,22,3,Life Sciences,Female,Research Scientist,3,3,1
1006,No,2,1,0,2,2,66,137280,3,0,38,10,1,Medical,Male,Research Scientist,3,2,3
1007,No,8,7,0,7,2,75,156000,3,3,46,7,2,Medical,Male,Manufacturing Director,3,3,4
1009,No,4,2,3,2,2,41,85280,3,6,24,17,1,Medical,Female,Manufacturing Director,3,3,4
1010,Yes,4,2,0,2,2,32,66560,4,2,27,14,4,Other,Male,Laboratory Technician,2,1,3
1011,No,4,3,0,3,2,96,199680,3,1,31,1,1,Life Sciences,Female,Manufacturing Director,1,3,3
1013,No,10,7,0,8,2,56,116480,3,2,54,17,3,Technical Degree,Female,Manufacturing Director,3,3,3
1014,No,16,10,10,1,2,32,66560,3,3,45,25,4,Medical,Female,Healthcare Representative,3,2,3
1015,No,8,7,1,7,2,73,151840,3,4,30,8,2,Life Sciences,Female,Research Director,1,2,2
1016,Yes,1,0,0,0,2,98,203840,3,2,20,11,3,Medical,Female,Research Scientist,1,3,4
1017,Yes,3,2,1,2,2,28,58240,3,3,30,4,3,Medical,Female,Laboratory Technician,2,3,2
1019,No,4,3,1,1,2,33,68640,3,3,22,8,1,Life Sciences,Male,Laboratory Technician,1,2,2
1022,No,2,2,2,2,2,26,54080,3,0,48,6,3,Life Sciences,Male,Healthcare Representative,3,3,1
1025,No,2,2,2,1,2,42,87360,3,6,41,7,2,Medical,Female,Manufacturing Director,3,3,4
1026,No,21,6,11,8,2,65,135200,3,3,39,1,1,Life Sciences,Female,Manufacturing Director,4,3,4
1027,No,3,2,2,2,2,47,97760,3,2,27,2,4,Life Sciences,Female,Manufacturing Director,4,3,1
1028,No,3,2,1,2,2,30,62400,4,4,26,10,3,Other,Male,Laboratory Technician,4,2,2
1030,No,1,0,0,0,2,27,56160,3,5,50,9,3,Life Sciences,Male,Laboratory Technician,4,3,1
1034,No,8,7,6,7,2,26,54080,3,3,55,18,4,Medical,Male,Healthcare Representative,2,3,3
1035,No,21,16,5,10,2,55,114400,4,3,41,7,1,Life Sciences,Female,Research Director,3,3,2
1036,No,1,0,0,0,3,42,87360,3,1,38,5,4,Life Sciences,Male,Sales Executive,4,3,2
1037,Yes,2,2,2,2,3,79,164320,3,6,39,29,2,Medical,Male,Sales Executive,1,3,2
1038,Yes,32,14,6,9,3,57,118560,3,3,52,2,1,Marketing,Female,Manager,4,3,1
1039,No,12,11,11,11,3,53,110240,3,2,44,28,3,Medical,Female,Sales Executive,4,3,4
1040,No,18,7,0,13,3,95,197600,3,3,50,1,3,Life Sciences,Female,Sales Executive,3,3,4
1043,No,21,6,2,8,2,82,170560,3,2,39,22,3,Medical,Female,Manufacturing Director,1,3,4
1045,No,9,3,1,1,3,90,187200,3,4,45,11,2,Life Sciences,Female,Manager,4,4,4
1046,No,8,7,7,7,2,28,58240,3,2,32,29,4,Medical,Female,Laboratory Technician,3,3,4
1047,No,15,1,0,9,3,75,156000,3,2,34,1,4,Marketing,Male,Sales Executive,4,2,2
1048,No,6,4,0,4,3,66,137280,3,1,59,1,2,Technical Degree,Male,Manager,4,1,2
1050,No,15,7,6,12,3,38,79040,3,2,53,2,3,Marketing,Female,Sales Executive,2,3,3
1052,Yes,1,0,0,0,2,26,54080,3,3,36,15,3,Other,Male,Laboratory Technician,3,2,1
1053,Yes,3,2,1,2,2,57,118560,3,2,35,2,3,Life Sciences,Male,Research Scientist,1,3,1
1055,No,1,1,0,0,3,31,64480,3,2,34,10,4,Life Sciences,Female,Sales Representative,3,3,3
1056,No,1,0,0,0,3,32,66560,4,5,25,10,1,Medical,Male,Sales Representative,2,3,4
1061,No,8,1,7,7,2,62,128960,3,2,50,2,4,Medical,Male,Research Director,3,2,2
1062,No,4,3,0,1,2,29,60320,3,3,37,1,3,Other,Female,Healthcare Representative,2,2,4
1066,No,7,7,7,5,3,74,153920,3,3,40,26,3,Marketing,Male,Sales Executive,1,2,3
1068,No,5,3,1,3,2,66,137280,3,5,27,1,1,Medical,Female,Research Scientist,3,3,1
1070,No,9,4,7,0,3,41,85280,3,4,54,2,4,Life Sciences,Female,Sales Executive,3,3,3
1071,No,5,4,0,3,2,63,131040,3,4,56,9,3,Medical,Female,Research Scientist,3,3,1
1073,No,14,8,7,8,2,51,106080,3,2,36,12,5,Medical,Female,Manufacturing Director,4,2,4
1074,No,9,7,6,2,2,40,83200,3,3,55,2,1,Medical,Male,Manager,1,4,3
1076,No,1,0,0,0,3,79,164320,3,5,43,25,3,Medical,Male,Sales Executive,4,3,3
1077,Yes,2,2,0,2,3,28,58240,3,3,20,9,3,Marketing,Female,Sales Representative,4,3,4
1080,No,16,13,1,7,2,74,153920,4,2,46,8,4,Life Sciences,Female,Research Scientist,1,3,4
1081,Yes,10,0,2,7,2,34,70720,3,2,51,4,4,Life Sciences,Male,Research Scientist,3,4,1
1082,Yes,10,7,1,9,2,30,62400,3,2,36,24,2,Technical Degree,Male,Healthcare Representative,1,2,2
1085,No,10,6,0,8,2,43,89440,3,3,41,7,2,Technical Degree,Female,Research Scientist,3,3,2
1088,No,19,9,1,9,2,30,62400,3,4,38,17,1,Life Sciences,Female,Healthcare Representative,3,2,3
1092,No,11,10,11,1,2,31,64480,4,6,40,20,4,Technical Degree,Male,Healthcare Representative,4,3,1
1094,No,3,2,1,2,2,25,52000,3,4,27,8,5,Life Sciences,Male,Laboratory Technician,3,3,1
1096,No,3,2,1,2,2,65,135200,3,4,55,2,1,Life Sciences,Male,Manufacturing Director,2,3,4
1098,Yes,20,6,3,6,1,30,62400,3,1,44,1,2,Medical,Male,Human Resources,1,3,2
1099,No,3,2,1,2,2,30,62400,3,2,33,2,3,Life Sciences,Male,Healthcare Representative,4,3,4
1100,Yes,8,7,4,7,3,86,178880,4,2,37,4,3,Technical Degree,Male,Sales Executive,1,3,4
1103,No,6,2,0,4,2,31,64480,3,1,34,3,1,Life Sciences,Male,Healthcare Representative,4,2,1
1105,No,1,0,0,0,3,88,183040,3,5,37,10,4,Life Sciences,Female,Sales Executive,4,3,4
1107,Yes,1,1,0,0,2,30,62400,4,0,29,21,3,Medical,Male,Laboratory Technician,3,2,1
1108,Yes,2,2,2,2,2,55,114400,4,0,33,25,3,Medical,Male,Research Scientist,2,3,1
1109,No,22,6,13,7,2,35,72800,3,3,42,2,2,Medical,Male,Manager,1,3,4
1111,Yes,1,0,0,0,2,31,64480,3,2,30,1,3,Medical,Male,Laboratory Technician,2,3,1
1113,Yes,0,0,0,0,3,81,168480,3,4,50,1,4,Other,Male,Sales Executive,3,3,4
1114,No,3,2,0,2,3,30,62400,3,3,33,7,3,Life Sciences,Female,Sales Executive,2,3,4
1115,No,0,0,0,0,2,40,83200,3,2,34,4,4,Life Sciences,Male,Research Scientist,4,3,3
1116,No,5,4,2,1,2,35,72800,4,3,48,1,4,Medical,Male,Manager,4,2,1
1117,No,15,10,4,12,3,65,135200,3,2,45,9,4,Life Sciences,Female,Sales Executive,3,3,2
1118,No,8,6,4,0,2,32,66560,3,4,52,7,4,Life Sciences,Male,Healthcare Representative,2,3,2
1120,No,7,5,1,7,2,93,193440,4,1,29,28,4,Life Sciences,Female,Research Scientist,4,3,3
1124,No,12,9,4,9,3,52,108160,3,3,46,5,1,Marketing,Male,Manager,3,3,1
1126,No,8,7,0,1,2,83,172640,3,1,43,27,3,Life Sciences,Female,Manufacturing Director,1,3,3
1128,No,20,7,4,9,2,44,91520,3,2,40,14,3,Medical,Male,Research Director,3,4,3
1131,No,2,2,2,2,2,70,145600,3,6,21,1,1,Technical Degree,Female,Research Scientist,2,4,4
1133,No,11,9,0,9,2,78,162240,4,0,36,18,4,Life Sciences,Male,Manufacturing Director,4,3,1
1136,No,5,3,0,4,2,67,139360,3,2,38,2,1,Life Sciences,Male,Research Scientist,2,1,1
1138,No,9,8,2,3,3,56,116480,3,3,49,8,4,Technical Degree,Male,Sales Executive,2,3,4
1140,No,3,2,0,2,2,95,197600,3,3,34,2,2,Life Sciences,Male,Manufacturing Director,3,2,4
1143,No,7,5,1,1,2,61,126880,3,2,29,10,3,Life Sciences,Female,Research Scientist,2,2,4
1150,No,10,7,1,2,2,79,164320,3,2,29,8,1,Medical,Male,Manufacturing Director,4,2,2
1152,No,7,6,5,0,1,26,54080,3,2,38,1,3,Human Resources,Male,Human Resources,3,4,3
1154,No,3,1,0,2,2,39,81120,3,2,26,6,3,Life Sciences,Male,Research Scientist,3,3,3
1156,Yes,0,0,0,0,2,26,54080,3,0,18,8,1,Medical,Male,Laboratory Technician,3,3,3
1157,Yes,5,2,0,3,3,77,160160,3,3,33,9,4,Marketing,Female,Sales Executive,1,3,1
1158,No,1,0,0,0,2,26,54080,3,4,41,12,4,Life Sciences,Male,Laboratory Technician,4,3,2
1160,Yes,2,2,2,2,2,27,56160,3,5,31,15,3,Medical,Male,Laboratory Technician,3,2,3
1161,No,6,2,1,3,2,33,68640,3,2,37,25,2,Medical,Female,Healthcare Representative,4,3,3
1162,No,4,2,2,2,2,55,114400,3,0,27,6,3,Life Sciences,Male,Research Scientist,3,3,4
1163,No,6,5,1,3,3,70,145600,4,3,34,9,1,Life Sciences,Female,Sales Executive,3,2,2
1164,No,5,4,1,4,1,27,56160,3,2,39,8,4,Technical Degree,Male,Human Resources,3,1,3
1166,No,18,7,2,13,2,88,183040,3,3,40,9,4,Medical,Female,Research Director,3,2,2
1167,Yes,21,9,13,14,3,44,91520,3,2,42,12,3,Life Sciences,Male,Sales Executive,1,2,3
1171,No,6,4,1,5,3,45,93600,3,3,42,4,4,Marketing,Male,Sales Executive,1,4,2
1172,No,8,0,1,7,2,25,52000,3,2,34,1,4,Medical,Male,Laboratory Technician,3,3,4
1175,Yes,1,1,0,0,2,27,56160,3,4,27,12,1,Life Sciences,Female,Laboratory Technician,4,2,3
1180,No,1,1,0,0,2,92,191360,3,3,40,26,2,Medical,Female,Research Scientist,4,1,3
1182,No,7,7,6,4,2,44,91520,3,2,46,2,3,Life Sciences,Male,Manufacturing Director,2,4,3
1184,No,13,9,4,9,2,26,54080,4,3,34,1,3,Medical,Male,Healthcare Representative,1,3,4
1185,No,2,2,2,2,2,28,58240,3,2,28,4,4,Other,Male,Laboratory Technician,4,4,4
1188,Yes,4,3,1,3,3,85,176800,3,2,43,9,3,Marketing,Female,Sales Executive,3,2,1
1190,No,1,0,0,0,3,33,68640,3,3,32,2,1,Life Sciences,Female,Sales Representative,1,3,3
1191,No,5,2,4,2,2,92,191360,3,2,56,4,4,Technical Degree,Female,Manager,1,3,4
1192,No,10,8,0,8,2,27,56160,3,5,29,6,1,Medical,Female,Laboratory Technician,4,3,2
1193,No,1,1,0,0,2,54,112320,4,4,19,9,2,Life Sciences,Male,Research Scientist,1,3,3
1195,No,3,2,0,2,2,83,172640,3,2,45,7,3,Medical,Female,Research Scientist,3,2,1
1198,No,2,2,1,2,2,32,66560,3,2,20,6,3,Life Sciences,Male,Laboratory Technician,3,2,1
1200,Yes,6,4,0,2,2,96,199680,3,4,44,10,4,Life Sciences,Male,Research Scientist,3,3,3
1202,No,5,4,1,3,2,69,143520,3,2,29,15,1,Life Sciences,Female,Research Scientist,4,2,2
1203,Yes,0,0,0,0,2,48,99840,3,5,22,7,4,Life Sciences,Male,Research Scientist,4,3,3
1204,No,26,15,15,9,3,69,143520,4,2,46,2,3,Marketing,Female,Manager,1,3,3
1207,No,5,4,1,4,1,25,52000,3,2,33,2,3,Human Resources,Male,Human Resources,3,3,2
1211,No,4,3,0,3,3,61,126880,3,3,30,29,4,Life Sciences,Male,Sales Executive,1,3,3
1212,No,0,0,0,0,3,62,128960,3,2,40,2,4,Medical,Male,Sales Executive,2,3,2
1215,No,2,2,2,2,2,30,62400,4,3,50,2,3,Medical,Female,Manager,1,3,4
1216,No,6,5,3,3,2,33,68640,3,2,35,19,4,Medical,Male,Laboratory Technician,1,3,4
1217,No,4,2,0,3,2,52,108160,3,2,46,15,2,Life Sciences,Male,Research Director,2,3,4
1218,No,7,7,1,7,3,94,195520,3,2,47,17,4,Life Sciences,Male,Sales Executive,1,3,3
1219,Yes,1,0,0,0,2,31,64480,3,3,24,17,2,Life Sciences,Female,Laboratory Technician,2,1,4
1220,No,10,7,0,1,3,82,170560,3,3,33,25,3,Medical,Female,Sales Executive,3,2,2
1224,No,10,7,8,9,2,33,68640,3,4,30,7,4,Life Sciences,Male,Laboratory Technician,3,2,3
1225,No,20,11,13,17,2,32,66560,4,3,44,29,4,Other,Male,Research Scientist,4,3,4
1226,No,2,1,2,2,3,31,64480,3,2,20,21,3,Marketing,Male,Sales Representative,4,3,3
1228,No,6,3,1,4,2,60,124800,3,3,46,2,4,Technical Degree,Male,Manufacturing Director,4,2,4
1231,No,4,3,0,3,1,26,54080,3,3,42,2,5,Medical,Male,Human Resources,1,4,4
1233,No,11,7,1,9,3,52,108160,3,3,60,7,4,Marketing,Male,Sales Executive,4,3,2
1234,No,2,2,2,2,2,32,66560,4,2,32,13,3,Other,Female,Laboratory Technician,2,3,3
1238,No,14,10,4,10,2,60,124800,3,5,33,9,3,Medical,Male,Research Scientist,4,3,1
1239,No,5,1,1,3,3,84,174720,3,2,40,10,3,Technical Degree,Female,Sales Executive,2,4,2
1242,No,1,0,0,0,2,60,124800,3,6,42,26,5,Medical,Female,Research Director,1,3,1
1245,No,5,4,1,4,2,53,110240,3,2,54,1,4,Life Sciences,Female,Manufacturing Director,3,1,4
1246,No,10,5,7,7,2,72,149760,3,5,44,2,1,Life Sciences,Female,Research Scientist,4,3,1
1249,No,3,2,1,2,2,97,201760,3,5,29,1,3,Life Sciences,Female,Research Scientist,4,3,1
1251,No,6,5,0,1,2,30,62400,3,2,31,11,2,Medical,Male,Healthcare Representative,1,2,3
1252,No,10,9,1,8,2,31,64480,3,2,31,24,3,Medical,Female,Healthcare Representative,1,3,3
1254,No,6,1,0,5,3,48,99840,3,2,59,8,3,Life Sciences,Female,Sales Executive,4,3,3
1256,No,1,0,0,0,2,85,176800,3,2,49,4,2,Medical,Male,Manager,3,4,1
1257,No,11,10,0,7,2,46,95680,3,2,36,9,3,Technical Degree,Male,Research Scientist,2,2,3
1259,No,5,3,0,3,2,76,158080,3,2,27,4,2,Life Sciences,Male,Research Scientist,3,3,1
1263,No,1,0,0,0,2,76,158080,3,3,48,1,3,Life Sciences,Male,Research Director,4,4,4
1264,No,7,7,1,7,2,87,180960,3,2,29,1,3,Life Sciences,Female,Research Director,4,2,4
1268,No,9,8,0,8,3,82,170560,3,3,33,10,5,Marketing,Male,Sales Executive,3,3,4
1269,No,1,0,0,1,2,57,118560,3,2,19,25,3,Life Sciences,Female,Research Scientist,4,3,2
1270,No,1,0,0,1,2,47,97760,4,2,23,1,2,Life Sciences,Male,Research Scientist,3,3,4
1273,Yes,1,0,1,0,3,32,66560,3,4,29,24,1,Life Sciences,Male,Sales Representative,4,3,3
1275,No,8,5,2,2,2,53,110240,4,2,36,4,2,Life Sciences,Male,Research Scientist,4,2,3
1277,Yes,24,10,1,11,3,94,195520,3,2,45,2,3,Marketing,Female,Manager,2,3,1
1278,No,33,9,15,0,2,28,58240,3,3,55,8,1,Medical,Male,Healthcare Representative,2,3,4
1280,No,11,4,0,8,3,33,68640,3,2,46,4,2,Marketing,Female,Manager,2,3,4
1282,No,29,10,11,10,3,83,172640,4,5,51,9,3,Life Sciences,Male,Manager,2,2,4
1283,No,9,7,5,4,2,67,139360,3,6,59,18,4,Medical,Male,Manufacturing Director,4,2,4
1285,No,11,8,5,10,2,25,52000,3,2,34,19,3,Medical,Female,Laboratory Technician,2,4,3
1291,No,3,2,2,2,2,66,137280,3,3,30,6,1,Life Sciences,Male,Research Scientist,3,3,3
1292,No,1,0,0,0,2,78,162240,3,2,42,7,4,Medical,Female,Research Scientist,2,3,2
1294,No,16,14,5,12,2,53,110240,3,2,36,2,4,Life Sciences,Female,Manufacturing Director,2,3,3
1295,Yes,10,7,0,5,2,28,58240,3,2,44,15,3,Medical,Female,Healthcare Representative,4,3,1
1296,No,2,2,2,2,2,27,56160,3,2,26,2,3,Life Sciences,Male,Laboratory Technician,4,3,4
1298,No,8,4,1,7,2,72,149760,3,3,30,9,2,Medical,Female,Manufacturing Director,3,3,3
1299,Yes,7,7,7,7,2,25,52000,3,2,29,7,3,Technical Degree,Female,Laboratory Technician,3,3,2
1301,No,3,2,1,2,2,84,174720,3,2,27,1,3,Technical Degree,Male,Research Scientist,1,2,4
1303,No,2,2,2,1,2,40,83200,3,3,28,1,3,Medical,Female,Research Scientist,2,2,4
1304,No,10,7,0,8,3,56,116480,3,4,32,8,3,Medical,Male,Sales Executive,4,4,3
1307,No,19,9,15,2,2,94,195520,3,4,39,13,4,Medical,Female,Manager,2,3,3
1308,No,2,2,2,2,2,88,183040,3,3,58,23,4,Life Sciences,Male,Research Scientist,3,3,1
1309,Yes,10,4,1,1,2,26,54080,3,3,32,7,2,Life Sciences,Male,Laboratory Technician,3,3,4
1310,Yes,5,2,0,3,2,93,193440,3,2,39,23,3,Medical,Male,Research Scientist,1,3,3
1311,No,9,2,6,7,2,28,58240,3,6,30,6,3,Technical Degree,Female,Laboratory Technician,4,3,1
1315,No,9,8,7,5,2,27,56160,3,6,37,1,3,Life Sciences,Female,Laboratory Technician,4,3,3
1319,Yes,8,7,7,7,3,64,133120,3,2,52,10,3,Life Sciences,Male,Sales Executive,2,2,2
1322,No,8,7,1,7,2,32,66560,3,6,39,18,2,Life Sciences,Male,Manufacturing Director,3,3,1
1329,No,19,2,11,9,3,40,83200,3,4,41,10,2,Medical,Male,Sales Executive,2,3,3
1331,Yes,3,2,2,2,3,28,58240,3,2,31,1,3,Life Sciences,Female,Sales Representative,2,4,4
1334,No,20,8,2,10,2,37,76960,3,3,42,2,1,Life Sciences,Male,Manager,3,2,3
1336,No,19,9,9,11,2,58,120640,3,5,55,2,2,Medical,Female,Manager,3,3,4
1338,No,7,3,7,7,1,99,205920,3,4,56,8,4,Life Sciences,Male,Manager,2,3,4
1340,No,4,2,0,0,2,74,153920,3,0,40,16,2,Life Sciences,Male,Research Scientist,3,3,3
1346,No,9,8,8,8,2,98,203840,3,4,40,2,3,Life Sciences,Male,Research Scientist,4,3,3
1349,No,9,3,1,7,3,66,137280,3,2,41,1,3,Marketing,Female,Sales Executive,1,3,3
1350,No,9,6,1,1,2,87,180960,3,3,38,4,4,Life Sciences,Male,Research Scientist,3,3,3
1352,No,33,9,0,10,1,84,174720,3,2,51,11,3,Life Sciences,Male,Manager,2,3,3
1360,Yes,10,9,5,9,2,53,110240,3,0,58,7,4,Medical,Female,Manufacturing Director,1,2,3
1361,No,4,2,0,3,2,29,60320,4,3,40,1,4,Life Sciences,Male,Laboratory Technician,2,3,2
1362,No,15,7,6,13,3,83,172640,3,2,36,7,3,Marketing,Female,Sales Executive,1,2,1
1363,No,10,9,0,8,2,54,112320,3,2,48,4,3,Life Sciences,Male,Manufacturing Director,4,3,4
1367,No,5,2,0,3,2,82,170560,3,1,51,11,2,Technical Degree,Female,Manufacturing Director,2,2,4
1368,No,0,0,0,0,2,30,62400,3,5,18,1,3,Life Sciences,Female,Laboratory Technician,4,4,4
1371,No,6,2,0,0,3,43,89440,4,3,27,2,1,Life Sciences,Male,Sales Executive,4,3,4
1372,Yes,19,7,3,8,3,85,176800,3,2,55,13,4,Marketing,Male,Sales Executive,3,2,1
1374,No,5,4,0,0,2,92,191360,4,2,34,26,1,Technical Degree,Female,Research Scientist,3,3,1
1379,Yes,1,0,0,0,3,28,58240,3,3,31,2,3,Life Sciences,Female,Sales Representative,4,4,3
1380,Yes,4,2,3,2,3,67,139360,3,0,29,18,4,Marketing,Female,Sales Executive,3,2,4
1382,No,4,2,0,3,2,57,118560,3,2,38,7,3,Life Sciences,Male,Research Scientist,3,3,4
1387,No,5,3,0,4,3,48,99840,3,0,30,26,3,Life Sciences,Male,Sales Executive,1,3,3
1389,Yes,10,2,6,7,2,98,203840,3,3,31,22,4,Medical,Male,Manufacturing Director,3,2,4
1391,No,4,2,3,2,3,52,108160,3,5,51,2,3,Marketing,Male,Sales Executive,2,3,2
1392,No,6,2,3,3,2,75,156000,3,4,41,22,3,Life Sciences,Female,Research Scientist,4,2,4
1394,No,6,4,1,3,2,54,112320,3,2,37,4,1,Life Sciences,Male,Research Scientist,3,3,3
1396,No,3,2,1,2,3,36,74880,3,3,32,2,1,Marketing,Male,Sales Executive,2,2,3
1397,No,6,4,0,5,2,25,52000,4,2,39,25,2,Life Sciences,Male,Healthcare Representative,3,3,3
1399,No,3,2,1,2,3,93,193440,3,3,34,18,1,Life Sciences,Male,Sales Executive,3,2,1
1401,No,5,3,0,2,2,59,122720,3,3,52,28,2,Medical,Female,Manufacturing Director,3,2,4
1402,No,20,7,1,8,2,73,151840,3,3,43,6,3,Medical,Female,Research Scientist,3,1,1
1403,No,6,2,4,4,3,98,203840,3,3,27,10,3,Marketing,Female,Sales Executive,4,3,4
1405,Yes,8,2,7,7,2,51,106080,3,2,27,17,4,Life Sciences,Female,Research Scientist,3,3,4
1407,No,4,3,1,1,2,36,74880,3,2,26,2,1,Medical,Male,Research Scientist,4,3,1
1408,No,20,7,0,9,1,31,64480,3,5,42,10,3,Human Resources,Female,Manager,1,3,3
1409,No,5,4,0,4,2,29,60320,3,2,52,8,4,Other,Female,Laboratory Technician,1,1,3
1412,No,2,2,2,2,2,60,124800,3,2,35,18,2,Life Sciences,Male,Manufacturing Director,4,3,3
1415,No,3,2,0,2,2,31,64480,3,2,36,1,3,Technical Degree,Male,Laboratory Technician,4,2,1
1417,No,7,7,0,7,2,27,56160,3,2,37,7,3,Other,Male,Laboratory Technician,1,3,3
1420,Yes,4,3,1,3,2,32,66560,4,2,49,28,2,Life Sciences,Male,Laboratory Technician,1,3,1
1421,Yes,8,7,7,7,2,33,68640,3,1,29,14,1,Other,Female,Healthcare Representative,4,3,3
1422,No,20,7,12,7,2,54,112320,3,3,54,1,3,Medical,Female,Research Director,4,2,4
1423,No,9,8,1,5,2,76,158080,4,3,58,1,3,Medical,Female,Research Director,1,3,4
1424,No,7,7,0,0,2,81,168480,3,4,55,1,4,Medical,Male,Research Director,4,4,2
1425,No,5,4,0,1,3,99,205920,3,3,36,12,4,Marketing,Female,Sales Executive,2,3,1
1427,Yes,1,0,0,0,3,32,66560,3,3,31,1,4,Life Sciences,Female,Sales Representative,3,3,2
1430,No,3,2,1,0,2,93,193440,3,3,31,8,5,Life Sciences,Female,Research Director,2,4,1
1431,No,4,3,1,3,2,91,189280,3,2,34,1,4,Other,Male,Research Scientist,1,3,4
1433,Yes,1,0,0,0,2,34,70720,3,3,31,8,3,Life Sciences,Female,Research Scientist,2,4,1
1434,No,5,0,1,4,2,31,64480,3,3,27,11,1,Life Sciences,Male,Laboratory Technician,1,4,2
1435,No,10,4,1,8,2,29,60320,3,2,36,4,4,Life Sciences,Male,Laboratory Technician,4,2,1
1436,No,3,2,0,2,3,98,203840,3,3,36,16,4,Marketing,Female,Sales Executive,1,2,3
1438,No,6,5,1,2,2,74,153920,3,2,47,1,3,Technical Degree,Male,Research Scientist,4,2,1
1439,Yes,3,2,2,2,3,29,60320,3,2,38,9,2,Life Sciences,Male,Sales Representative,1,3,1
1443,No,20,17,5,6,2,82,170560,3,2,47,2,4,Medical,Female,Research Director,3,4,1
1445,No,5,4,0,3,3,42,87360,3,3,24,4,1,Medical,Female,Sales Executive,3,3,4
1448,No,4,2,0,3,2,90,187200,3,5,41,13,5,Medical,Male,Research Scientist,3,2,2
1449,No,8,7,0,7,2,30,62400,3,2,40,9,4,Other,Male,Laboratory Technician,3,4,3
1453,No,13,7,9,9,3,31,64480,3,5,31,8,2,Life Sciences,Male,Sales Executive,4,3,1
1458,Yes,1,0,0,0,2,29,60320,4,2,39,2,3,Life Sciences,Female,Laboratory Technician,1,4,1
1460,No,7,7,0,7,2,32,66560,3,2,45,20,3,Medical,Male,Healthcare Representative,1,3,2
1461,No,3,2,0,2,1,30,62400,3,3,31,8,2,Medical,Female,Human Resources,2,3,4
1465,No,3,1,1,2,2,55,114400,3,4,45,29,3,Technical Degree,Male,Manufacturing Director,4,4,2
1466,No,2,2,2,2,3,96,199680,3,3,48,7,3,Marketing,Male,Sales Executive,1,3,3
1467,Yes,2,2,2,2,1,31,64480,3,0,34,9,4,Technical Degree,Female,Human Resources,3,3,1
1472,No,9,8,8,8,2,39,81120,3,2,53,2,3,Medical,Male,Research Director,2,2,4
1473,No,3,2,1,2,2,33,68640,3,0,49,14,4,Technical Degree,Male,Healthcare Representative,3,2,1
1474,No,3,1,1,2,2,68,141440,3,3,40,2,3,Medical,Male,Research Scientist,3,4,3
1479,No,2,1,2,2,3,96,199680,3,2,30,16,1,Life Sciences,Male,Sales Executive,3,2,4
1481,No,1,0,0,0,3,79,164320,3,4,44,1,5,Marketing,Female,Sales Executive,3,2,1
1483,No,12,9,2,8,2,93,193440,4,2,57,1,2,Life Sciences,Male,Research Scientist,3,2,2
1486,Yes,3,2,1,2,3,25,52000,3,3,27,1,3,Technical Degree,Male,Sales Representative,3,4,1
1489,Yes,15,9,10,10,3,40,83200,4,2,34,24,4,Medical,Female,Sales Executive,2,4,1
1492,No,1,0,0,0,3,28,58240,3,3,28,7,1,Life Sciences,Male,Sales Representative,3,3,4
1494,Yes,0,0,0,0,2,32,66560,3,2,24,9,3,Medical,Male,Laboratory Technician,1,2,2
1495,No,1,0,0,0,3,33,68640,3,2,24,13,2,Life Sciences,Female,Sales Representative,2,3,4
1496,No,2,2,2,2,2,86,178880,3,2,44,2,1,Medical,Male,Manufacturing Director,3,2,2
1499,No,5,3,1,3,1,26,54080,4,3,30,1,3,Life Sciences,Male,Human Resources,3,4,3
1501,No,3,2,1,2,2,30,62400,3,2,55,4,4,Life Sciences,Male,Healthcare Representative,3,3,4
1504,Yes,0,0,0,0,2,30,62400,3,2,35,2,2,Medical,Male,Laboratory Technician,1,2,3
1506,No,1,0,0,0,2,72,149760,3,2,29,1,3,Life Sciences,Male,Research Scientist,3,1,1
1509,No,3,2,1,2,2,25,52000,4,3,49,15,2,Medical,Female,Laboratory Technician,1,3,3
1513,No,3,2,0,2,2,31,64480,3,3,29,2,1,Life Sciences,Female,Laboratory Technician,2,3,4
1515,No,0,0,0,0,2,31,64480,3,6,33,8,5,Life Sciences,Male,Healthcare Representative,3,3,4
1520,No,14,9,1,12,2,87,180960,4,2,54,11,4,Medical,Female,Manager,4,3,2
1522,Yes,9,7,0,7,2,100,208000,3,2,29,1,4,Technical Degree,Male,Research Scientist,1,1,1
1523,No,20,6,14,17,2,32,66560,3,1,44,28,3,Life Sciences,Male,Research Director,1,4,4
1527,No,13,12,5,1,3,51,106080,3,2,46,16,3,Life Sciences,Female,Manager,2,4,3
1529,No,11,8,3,3,2,27,56160,3,3,48,16,3,Life Sciences,Female,Healthcare Representative,2,1,4
1533,No,4,3,1,2,2,33,68640,3,2,23,20,1,Life Sciences,Male,Laboratory Technician,3,3,1
1534,Yes,5,4,1,0,2,33,68640,3,3,40,9,4,Life Sciences,Male,Laboratory Technician,1,1,4
1535,No,10,9,8,6,3,64,133120,3,3,34,1,3,Technical Degree,Male,Sales Executive,3,3,4
1537,Yes,7,2,7,7,2,33,68640,3,2,31,17,3,Life Sciences,Female,Research Scientist,3,1,4
1539,No,32,6,13,9,2,88,183040,3,2,50,22,5,Medical,Male,Research Director,4,3,3
1542,No,1,0,0,0,2,32,66560,3,3,42,2,3,Medical,Male,Laboratory Technician,2,3,3
1545,No,5,3,0,2,2,44,91520,3,2,33,25,3,Life Sciences,Male,Manufacturing Director,2,3,4
1546,No,5,4,0,3,2,97,201760,4,3,45,28,3,Technical Degree,Male,Research Scientist,4,3,4
1549,No,15,14,5,7,2,33,68640,3,3,33,28,4,Life Sciences,Male,Laboratory Technician,3,3,2
1552,No,2,2,2,2,2,32,66560,3,2,40,8,2,Life Sciences,Male,Healthcare Representative,4,3,4
1553,No,10,8,7,7,2,27,56160,3,4,45,1,4,Technical Degree,Male,Healthcare Representative,2,3,1
1556,No,3,2,1,2,3,33,68640,4,3,36,2,4,Life Sciences,Male,Sales Representative,4,2,3
1558,No,1,0,0,0,2,91,189280,3,2,29,9,3,Life Sciences,Male,Research Scientist,3,2,3
1562,Yes,10,8,6,7,3,64,133120,3,4,30,1,3,Life Sciences,Male,Sales Executive,1,3,2
1564,No,3,0,1,2,2,28,58240,3,3,30,1,3,Medical,Male,Laboratory Technician,1,3,4
1568,No,4,2,1,3,3,33,68640,3,3,30,29,4,Technical Degree,Male,Sales Executive,2,3,3
1572,Yes,33,7,1,9,2,78,162240,3,4,53,2,5,Technical Degree,Female,Manufacturing Director,4,3,3
1577,No,1,0,0,0,2,35,72800,3,4,34,7,4,Medical,Male,Research Scientist,4,1,1
1582,No,9,8,7,7,3,80,166400,3,3,38,14,3,Life Sciences,Male,Sales Executive,2,3,3
1583,No,3,2,1,2,3,90,187200,3,5,38,16,3,Life Sciences,Female,Sales Executive,2,4,2
1586,No,10,9,1,5,2,26,54080,3,3,29,18,1,Medical,Male,Laboratory Technician,1,3,2
1587,No,5,2,0,4,2,33,68640,3,4,36,10,4,Medical,Female,Healthcare Representative,3,3,1
1588,No,7,6,7,6,3,38,79040,3,3,39,6,3,Medical,Male,Sales Executive,3,3,4
1590,No,6,4,1,3,2,25,52000,3,0,29,2,1,Life Sciences,Male,Healthcare Representative,4,4,1
1591,No,1,0,0,0,3,59,122720,3,2,50,9,3,Marketing,Male,Manager,3,3,3
1592,No,2,2,2,2,2,45,93600,3,2,23,10,3,Technical Degree,Male,Research Scientist,3,3,4
1595,No,1,0,0,1,2,93,193440,4,2,42,9,2,Other,Male,Manager,4,3,4
1596,No,10,9,6,8,2,25,52000,3,3,37,28,3,Life Sciences,Male,Laboratory Technician,3,2,2
1598,No,5,4,1,2,3,84,174720,3,2,40,14,2,Life Sciences,Female,Sales Executive,1,3,4
1601,No,1,0,0,1,2,29,60320,3,5,26,7,2,Life Sciences,Male,Laboratory Technician,4,2,3
1602,No,26,0,0,12,3,56,116480,3,5,46,1,4,Life Sciences,Male,Manager,1,1,4
1604,Yes,1,1,0,0,2,33,68640,3,3,27,24,3,Medical,Male,Laboratory Technician,2,3,3
1605,No,4,2,1,3,2,85,176800,3,2,22,26,2,Other,Female,Research Scientist,3,2,2
1607,No,3,2,0,2,2,35,72800,3,3,32,19,4,Other,Female,Research Scientist,4,3,2
1608,No,22,7,1,10,2,31,64480,3,4,44,7,3,Medical,Female,Research Director,4,2,2
1612,No,10,7,4,5,3,52,108160,3,2,45,26,3,Marketing,Male,Sales Executive,1,3,1
1613,No,5,2,0,3,3,54,112320,3,3,31,2,4,Other,Male,Sales Executive,1,3,4
1617,No,9,6,1,4,2,26,54080,3,3,49,25,4,Life Sciences,Female,Laboratory Technician,1,2,3
1618,No,7,7,7,7,2,76,158080,3,3,39,10,5,Medical,Male,Manufacturing Director,1,3,2
1619,No,7,7,0,7,2,26,54080,3,3,27,19,3,Other,Male,Laboratory Technician,1,3,4
1621,No,16,15,1,10,2,48,99840,3,2,49,18,5,Life Sciences,Male,Research Scientist,1,3,2
1622,No,5,3,0,0,2,39,81120,4,5,38,27,3,Medical,Female,Manufacturing Director,1,2,2
1623,No,2,2,2,2,2,97,201760,3,2,21,20,1,Medical,Male,Research Scientist,4,3,3
1624,Yes,0,0,0,0,3,27,56160,3,2,18,1,2,Medical,Female,Sales Representative,4,4,2
1625,No,5,2,1,0,1,98,203840,3,2,47,26,4,Life Sciences,Female,Manager,3,3,4
1628,No,18,15,14,12,2,80,166400,3,2,40,15,3,Life Sciences,Female,Manufacturing Director,3,3,1
1630,No,14,11,2,9,2,33,68640,3,5,50,8,4,Life Sciences,Female,Healthcare Representative,3,3,3
1631,No,4,3,0,2,2,85,176800,3,2,37,19,3,Life Sciences,Male,Manufacturing Director,3,2,3
1635,No,10,7,3,9,2,59,122720,3,3,45,2,2,Other,Female,Manufacturing Director,4,3,4
1639,Yes,13,12,6,0,3,55,114400,3,3,51,10,3,Medical,Male,Sales Executive,1,3,4
1644,No,2,2,2,2,2,89,185120,4,3,48,4,5,Medical,Male,Manager,4,3,3
1647,No,3,2,0,2,2,86,178880,3,0,27,8,3,Medical,Female,Research Scientist,3,3,2
1648,No,4,2,1,2,2,87,180960,3,0,27,2,3,Medical,Male,Research Scientist,4,2,4
1649,Yes,4,2,0,3,2,30,62400,3,3,40,7,3,Life Sciences,Male,Laboratory Technician,1,1,1
1655,No,4,2,1,2,2,72,149760,3,2,49,22,4,Other,Female,Research Director,2,3,1
1656,No,14,11,1,11,2,50,104000,3,3,50,17,5,Life Sciences,Female,Research Director,1,3,4
1658,No,11,8,7,9,2,66,137280,3,2,34,2,3,Life Sciences,Female,Research Scientist,2,3,4
1659,No,4,3,1,3,2,31,64480,3,4,36,7,3,Life Sciences,Male,Laboratory Technician,2,3,1
1664,No,5,4,0,4,2,28,58240,4,3,36,3,2,Life Sciences,Male,Healthcare Representative,1,3,4
1665,No,10,8,4,7,2,91,189280,4,6,54,22,5,Medical,Female,Manager,3,3,2
1667,Yes,11,9,6,7,3,36,74880,4,2,52,12,4,Other,Male,Sales Executive,4,4,4
1668,No,13,11,2,9,2,90,187200,3,4,38,1,3,Life Sciences,Male,Research Scientist,4,4,4
1669,No,10,0,0,9,3,43,89440,3,3,29,4,3,Medical,Male,Sales Executive,2,2,1
1670,No,6,2,0,4,3,93,193440,3,5,33,2,4,Medical,Male,Sales Executive,4,3,4
1671,No,9,5,1,6,2,45,93600,3,4,32,2,3,Medical,Male,Research Scientist,2,2,4
1675,No,4,3,3,3,2,26,54080,4,3,38,2,3,Medical,Female,Laboratory Technician,2,3,4
1676,No,3,2,1,2,3,47,97760,3,2,47,2,4,Life Sciences,Female,Manager,2,3,2
1680,No,2,2,0,2,3,25,52000,3,3,20,9,1,Life Sciences,Male,Sales Representative,1,3,4
1681,No,6,5,1,2,3,36,74880,4,2,33,16,3,Life Sciences,Female,Sales Executive,4,3,3
1682,No,3,2,0,2,2,28,58240,3,2,36,26,4,Life Sciences,Male,Healthcare Representative,3,2,1
1683,No,2,2,2,2,1,29,60320,3,2,44,1,3,Life Sciences,Female,Human Resources,4,3,3
1684,Yes,5,4,1,2,2,25,52000,3,2,23,8,1,Medical,Male,Laboratory Technician,3,3,4
1687,No,0,0,0,0,2,30,62400,3,5,38,4,2,Medical,Female,Laboratory Technician,3,2,4
1689,No,4,3,1,2,2,25,52000,3,2,53,24,4,Medical,Male,Healthcare Representative,4,3,2
1692,Yes,1,0,0,0,2,27,56160,3,2,32,2,4,Life Sciences,Male,Laboratory Technician,2,3,4
1694,No,4,2,1,2,2,94,195520,3,1,55,22,3,Technical Degree,Male,Research Scientist,2,3,1
1697,No,1,0,0,0,2,30,62400,4,2,60,1,4,Medical,Male,Healthcare Representative,4,4,3
1698,No,14,11,2,13,2,32,66560,3,6,33,21,3,Medical,Male,Laboratory Technician,2,3,2
1700,No,6,3,1,3,3,31,64480,3,2,37,1,4,Medical,Male,Sales Executive,4,2,3
1701,No,10,9,8,7,2,35,72800,3,3,34,19,3,Life Sciences,Female,Research Scientist,4,3,2
1704,No,5,4,1,4,2,79,164320,3,2,39,2,4,Medical,Male,Research Scientist,4,4,1
1706,No,10,9,8,8,3,73,151840,3,3,43,2,3,Medical,Male,Sales Executive,4,3,4
1710,No,13,7,6,7,3,28,58240,3,2,36,2,4,Life Sciences,Female,Sales Representative,4,2,3
1718,No,3,2,0,2,2,32,66560,3,3,28,17,4,Medical,Male,Laboratory Technician,3,4,4
1719,No,21,6,8,6,2,48,99840,3,2,45,28,2,Technical Degree,Female,Research Director,2,3,4
1720,No,5,2,1,3,2,56,116480,3,3,32,10,3,Life Sciences,Male,Research Scientist,3,2,1
1721,No,5,2,0,3,2,29,60320,3,2,31,2,4,Life Sciences,Male,Laboratory Technician,3,4,2
1722,No,3,2,1,2,1,31,64480,3,4,41,4,3,Human Resources,Male,Human Resources,2,3,3
1725,No,6,2,1,2,2,29,60320,3,2,24,29,1,Medical,Male,Laboratory Technician,1,4,2
1727,No,10,7,0,9,2,25,52000,3,3,46,13,4,Life Sciences,Male,Healthcare Representative,2,3,3
1728,No,7,7,0,7,2,49,101920,3,3,53,27,4,Life Sciences,Male,Manufacturing Director,3,3,4
1729,No,10,0,0,8,2,33,68640,3,2,30,16,1,Life Sciences,Male,Research Scientist,4,2,2
1732,No,10,6,0,3,3,74,153920,3,5,46,2,3,Life Sciences,Male,Sales Executive,4,2,3
1734,Yes,0,0,0,0,3,34,70720,3,2,32,1,2,Life Sciences,Male,Sales Executive,2,3,1
1735,No,3,2,1,2,2,32,66560,3,3,23,4,1,Medical,Female,Laboratory Technician,2,1,3
1736,No,5,4,1,4,2,30,62400,4,3,31,24,1,Technical Degree,Female,Manufacturing Director,4,2,4
1739,No,4,3,0,2,3,80,166400,3,2,32,19,3,Life Sciences,Male,Sales Executive,3,1,4
1740,No,21,8,12,8,3,88,183040,3,3,40,7,4,Medical,Male,Manager,2,2,2
1746,No,2,2,2,1,1,25,52000,3,2,24,10,3,Medical,Male,Human Resources,4,3,1
1747,Yes,4,2,1,2,1,26,54080,3,0,30,8,3,Human Resources,Female,Human Resources,4,2,3
1751,No,6,2,1,4,2,67,139360,3,5,27,8,3,Medical,Female,Research Scientist,4,2,3
1752,Yes,2,2,2,2,3,26,54080,3,3,29,9,3,Marketing,Female,Sales Representative,2,3,2
1755,No,5,0,1,2,2,97,201760,3,3,34,2,4,Medical,Male,Research Scientist,4,3,4
1756,No,11,7,1,7,3,62,128960,3,2,33,2,3,Marketing,Female,Sales Executive,2,2,4
1757,No,5,1,0,4,3,80,166400,3,1,49,11,4,Marketing,Female,Sales Executive,4,4,4
1758,Yes,0,0,0,0,3,74,153920,4,2,33,16,3,Life Sciences,Female,Sales Executive,1,2,1
1760,No,6,1,0,5,2,30,62400,3,4,38,2,2,Medical,Female,Laboratory Technician,2,2,3
1761,Yes,1,0,0,0,3,70,145600,3,2,31,16,4,Marketing,Male,Sales Executive,3,3,1
1762,No,1,0,0,0,2,91,189280,3,2,29,4,3,Technical Degree,Female,Research Scientist,1,3,4
1766,No,1,0,1,0,2,27,56160,3,2,38,18,3,Medical,Male,Healthcare Representative,4,3,2
1767,Yes,1,0,0,0,2,38,79040,3,4,43,17,3,Technical Degree,Male,Research Scientist,3,3,3
1768,No,5,3,0,4,2,28,58240,4,6,42,12,3,Medical,Male,Laboratory Technician,2,2,2
1770,No,1,0,0,0,2,60,124800,3,2,55,2,3,Medical,Male,Research Director,1,3,3
1771,No,9,8,1,7,2,90,187200,3,2,33,4,3,Technical Degree,Male,Research Scientist,2,2,4
1772,No,5,3,0,4,2,27,56160,4,2,41,9,4,Life Sciences,Male,Laboratory Technician,1,3,3
1774,No,15,14,0,7,3,87,180960,3,3,34,10,3,Life Sciences,Male,Sales Executive,3,3,4
1778,No,9,7,1,8,1,31,64480,3,5,43,2,3,Life Sciences,Male,Human Resources,4,3,2
1779,No,2,2,2,2,3,32,66560,3,3,34,5,2,Life Sciences,Female,Sales Executive,4,3,4
1780,Yes,1,0,1,0,3,31,64480,3,3,21,7,1,Marketing,Male,Sales Representative,2,3,2
1782,No,5,4,0,4,2,29,60320,3,3,38,6,2,Other,Female,Laboratory Technician,3,3,4
1783,Yes,1,0,0,0,2,27,56160,3,6,22,8,1,Medical,Female,Laboratory Technician,1,3,3
1784,No,12,7,5,7,3,91,189280,3,3,31,29,4,Marketing,Female,Sales Executive,4,3,1
1786,No,2,2,2,2,2,53,110240,3,2,51,1,3,Technical Degree,Female,Manager,3,3,1
1787,No,5,2,0,3,3,46,95680,3,2,37,9,2,Marketing,Male,Sales Executive,2,3,2
1790,No,12,8,5,7,2,26,54080,3,1,36,10,3,Life Sciences,Male,Healthcare Representative,1,3,4
1792,Yes,5,3,2,3,2,99,205920,3,2,44,1,2,Medical,Male,Research Scientist,2,2,3
1794,No,10,0,4,7,1,28,58240,3,4,37,8,2,Other,Male,Human Resources,2,2,3
1797,Yes,10,7,7,7,3,84,174720,3,2,35,27,3,Life Sciences,Male,Sales Executive,4,3,3
1798,No,10,8,7,6,2,90,187200,3,1,33,8,4,Life Sciences,Male,Research Scientist,1,3,4
1799,No,5,3,0,3,2,82,170560,3,6,29,1,3,Life Sciences,Male,Research Scientist,4,4,3
1800,No,4,3,2,2,2,65,135200,4,3,39,10,1,Medical,Male,Research Director,3,3,3
1801,No,2,2,2,2,3,98,203840,3,3,46,26,2,Life Sciences,Male,Sales Executive,2,3,2
1802,No,4,3,0,2,2,32,66560,3,5,40,2,2,Life Sciences,Female,Laboratory Technician,1,2,3
1803,No,0,0,0,0,2,26,54080,3,2,42,13,3,Medical,Male,Healthcare Representative,1,2,2
1804,No,7,7,1,7,2,90,187200,3,6,54,2,2,Medical,Male,Manufacturing Director,4,3,2
1805,No,11,10,3,8,1,33,68640,3,3,38,2,3,Human Resources,Male,Human Resources,2,3,1
1807,Yes,7,1,0,7,2,28,58240,3,3,34,9,4,Life Sciences,Male,Laboratory Technician,1,2,4
1809,Yes,10,3,0,8,2,58,120640,3,4,37,10,4,Medical,Male,Manufacturing Director,1,1,4
1813,No,3,2,1,2,2,52,108160,3,2,43,9,3,Life Sciences,Male,Research Scientist,3,2,1
1814,No,3,2,1,2,2,29,60320,3,3,41,2,3,Life Sciences,Male,Healthcare Representative,2,1,2
1816,No,7,7,0,2,2,64,133120,3,3,30,10,3,Medical,Female,Manufacturing Director,3,3,1
1818,Yes,5,1,1,4,1,25,52000,3,3,36,20,2,Medical,Female,Human Resources,2,3,4
1826,No,5,4,0,3,2,30,62400,3,2,37,23,4,Medical,Male,Laboratory Technician,3,4,2
1827,No,22,11,14,10,2,92,191360,3,4,47,4,3,Life Sciences,Female,Manufacturing Director,2,3,3
1829,No,7,4,7,7,2,29,60320,3,3,40,12,3,Life Sciences,Female,Healthcare Representative,1,3,2
1830,No,7,1,1,7,2,68,141440,3,2,54,7,4,Medical,Female,Research Scientist,4,2,4
1833,No,3,2,2,2,3,68,141440,3,3,31,7,4,Marketing,Female,Sales Executive,1,3,1
1835,No,4,2,0,3,3,25,52000,4,4,38,2,4,Marketing,Female,Sales Representative,4,2,2
1837,No,2,2,2,2,2,87,180960,3,3,58,15,4,Life Sciences,Male,Research Director,3,3,1
1842,Yes,1,0,0,0,1,28,58240,3,4,31,18,5,Human Resources,Male,Human Resources,1,3,4
1844,Yes,2,2,2,0,1,27,56160,3,3,29,13,3,Human Resources,Male,Human Resources,1,3,1
1847,No,1,0,0,0,2,73,151840,4,2,36,2,4,Other,Female,Research Scientist,2,3,4
1849,No,7,7,7,7,3,92,191360,4,5,43,2,4,Life Sciences,Male,Sales Executive,4,3,1
1850,No,5,4,0,2,2,30,62400,3,3,27,3,2,Life Sciences,Female,Laboratory Technician,4,2,4
1854,No,6,3,3,3,2,38,79040,4,1,42,10,4,Technical Degree,Male,Research Scientist,3,2,3
1856,No,2,2,2,0,2,29,60320,3,2,47,9,4,Life Sciences,Female,Laboratory Technician,3,3,2
1857,No,9,8,4,7,2,82,170560,3,4,46,2,2,Life Sciences,Male,Manufacturing Director,4,2,4
1858,No,3,2,2,2,1,31,64480,3,2,30,1,2,Life Sciences,Male,Human Resources,4,3,3
1859,No,7,0,1,6,2,30,62400,3,3,29,29,1,Life Sciences,Male,Healthcare Representative,3,3,4
1860,No,0,0,0,0,2,29,60320,3,3,42,8,3,Life Sciences,Male,Laboratory Technician,3,3,4
1862,Yes,2,2,2,2,3,82,170560,3,3,32,2,4,Marketing,Male,Sales Executive,2,2,3
1863,No,19,17,2,8,3,45,93600,3,5,46,4,3,Technical Degree,Female,Sales Executive,1,3,1
1864,No,9,8,5,8,3,31,64480,4,5,27,23,1,Medical,Female,Sales Representative,3,3,2
1865,No,1,0,0,0,1,30,62400,3,3,29,6,1,Medical,Male,Human Resources,2,3,4
1866,No,16,12,6,14,2,81,168480,3,2,43,6,3,Medical,Female,Manager,3,3,1
1867,No,22,10,12,9,2,91,189280,3,3,48,10,3,Life Sciences,Male,Research Director,2,3,4
1868,Yes,1,0,1,0,2,73,151840,4,3,29,24,2,Life Sciences,Male,Research Scientist,4,2,4
1869,Yes,8,7,0,7,3,64,133120,4,2,46,10,3,Life Sciences,Female,Sales Executive,2,3,3
1870,No,7,6,7,3,2,77,160160,3,2,27,15,3,Life Sciences,Female,Research Scientist,1,2,4
1873,No,5,2,0,4,2,98,203840,4,2,55,2,4,Technical Degree,Male,Research Scientist,4,4,2
1875,No,1,0,0,0,3,31,64480,3,3,26,5,3,Medical,Female,Sales Representative,2,3,2
1876,Yes,1,0,0,0,3,30,62400,3,3,30,9,3,Medical,Male,Sales Representative,4,2,2
1878,Yes,1,0,0,0,2,75,156000,4,2,22,7,1,Life Sciences,Male,Research Scientist,2,3,4
1880,No,10,9,1,7,3,63,131040,3,4,36,10,4,Technical Degree,Female,Sales Executive,3,3,2
1882,No,5,3,1,0,3,64,133120,3,3,34,4,3,Life Sciences,Male,Sales Executive,4,3,3
1886,No,3,2,0,2,2,44,91520,3,2,27,16,2,Other,Female,Manufacturing Director,2,3,4
1888,No,9,8,3,8,2,93,193440,3,2,45,25,2,Life Sciences,Female,Manufacturing Director,4,2,2
1893,No,1,0,1,0,2,90,187200,3,3,28,1,2,Life Sciences,Female,Research Scientist,3,2,2
1898,No,8,7,0,7,3,89,185120,3,5,27,2,2,Medical,Female,Sales Executive,3,2,1
1900,No,22,17,4,7,2,58,120640,3,3,48,22,3,Medical,Female,Manager,4,3,4
1905,Yes,5,2,3,0,2,85,176800,4,2,34,16,4,Technical Degree,Male,Research Scientist,1,3,4
1907,Yes,4,2,1,0,2,26,54080,3,3,56,24,2,Life Sciences,Male,Laboratory Technician,4,3,1
1909,No,5,4,1,4,3,54,112320,4,3,41,8,3,Marketing,Female,Sales Executive,2,3,3
1911,No,13,7,5,7,2,83,172640,3,3,42,6,3,Medical,Male,Research Director,1,4,3
1915,No,4,2,0,1,3,75,156000,3,3,34,6,1,Medical,Female,Sales Executive,4,2,4
1916,No,2,2,2,2,2,33,68640,3,0,31,4,3,Medical,Female,Laboratory Technician,3,2,1
1918,No,7,7,7,7,2,31,64480,3,3,38,6,3,Other,Male,Laboratory Technician,4,3,3
1922,No,4,2,0,3,2,32,66560,3,3,45,1,4,Medical,Male,Healthcare Representative,3,3,2
1924,No,10,4,0,9,3,43,89440,3,2,33,10,4,Marketing,Male,Sales Executive,3,2,2
1928,Yes,1,0,0,0,3,27,56160,3,3,29,24,3,Technical Degree,Male,Sales Representative,1,3,3
1929,No,3,2,1,2,3,32,66560,3,1,39,21,4,Life Sciences,Female,Sales Executive,3,3,1
1931,No,5,3,1,2,2,41,85280,3,3,27,2,4,Technical Degree,Male,Research Scientist,2,2,2
1932,No,15,10,6,11,2,86,178880,3,3,34,22,4,Other,Male,Research Scientist,4,3,3
1933,Yes,2,0,2,2,3,84,174720,3,0,39,13,2,Marketing,Female,Sales Executive,3,3,4
1935,No,0,0,0,0,3,89,185120,3,3,56,11,5,Marketing,Female,Sales Executive,1,3,4
1936,No,10,0,7,9,2,87,180960,4,3,39,9,2,Medical,Male,Manufacturing Director,1,3,1
1937,No,20,11,0,7,2,58,120640,3,3,38,8,3,Medical,Female,Research Scientist,2,3,4
1939,Yes,4,1,0,3,2,47,97760,3,2,32,7,2,Life Sciences,Female,Research Scientist,3,3,1
1940,No,5,2,0,3,2,71,147680,3,0,38,9,2,Life Sciences,Male,Research Scientist,4,4,2
1943,No,0,0,0,0,3,77,160160,3,4,42,12,4,Marketing,Male,Sales Executive,4,3,2
1944,Yes,1,0,0,0,1,26,54080,3,2,27,22,3,Human Resources,Female,Human Resources,2,3,1
1945,No,5,3,0,4,3,71,147680,3,2,34,18,4,Medical,Male,Sales Executive,1,1,2
1947,No,5,3,1,4,2,49,101920,3,3,29,16,3,Medical,Male,Research Scientist,3,2,3
1948,No,4,2,2,3,2,48,99840,3,3,31,8,2,Medical,Male,Research Scientist,1,4,3
1949,No,5,4,0,2,2,31,64480,4,3,36,9,4,Life Sciences,Male,Laboratory Technician,2,3,1
1951,No,8,7,1,1,3,39,81120,3,2,34,13,4,Medical,Male,Sales Executive,3,2,4
1952,No,7,7,7,6,2,27,56160,3,6,35,1,3,Medical,Male,Laboratory Technician,1,2,3
1954,No,5,3,0,2,2,28,58240,3,5,29,1,3,Life Sciences,Male,Healthcare Representative,1,2,1
1955,No,5,1,1,2,2,29,60320,3,6,32,15,4,Medical,Female,Healthcare Representative,4,3,3
1956,No,10,8,8,7,2,48,99840,4,6,31,1,3,Life Sciences,Male,Research Scientist,1,3,4
1960,Yes,4,1,0,3,2,32,66560,3,2,36,17,3,Technical Degree,Male,Laboratory Technician,4,2,3
1961,No,1,0,0,0,3,29,60320,3,3,38,1,3,Life Sciences,Male,Sales Representative,1,2,1
1962,No,10,8,0,9,3,55,114400,3,2,37,7,4,Life Sciences,Female,Sales Executive,4,3,3
1967,Yes,10,7,0,8,3,63,131040,3,4,31,26,4,Marketing,Male,Sales Executive,4,3,1
1968,Yes,2,2,2,2,3,66,137280,3,2,53,24,4,Life Sciences,Male,Sales Executive,1,2,1
1971,No,10,9,0,9,2,30,62400,3,1,43,11,3,Life Sciences,Male,Healthcare Representative,3,3,1
1972,No,6,2,1,2,1,30,62400,3,2,38,1,4,Other,Male,Human Resources,2,3,4
1973,No,10,9,1,4,1,71,147680,3,0,55,26,4,Human Resources,Male,Manager,2,3,3
1974,No,1,0,0,0,2,26,54080,3,4,31,2,1,Medical,Female,Laboratory Technician,4,3,4
1976,No,20,9,3,7,2,37,76960,3,2,42,23,2,Life Sciences,Male,Research Scientist,3,3,4
1979,No,11,7,4,8,2,40,83200,4,2,31,10,3,Medical,Female,Research Director,3,4,3
1982,No,5,2,1,4,2,30,62400,3,6,23,12,2,Other,Male,Laboratory Technician,4,4,4
1986,No,11,8,5,10,3,92,191360,3,4,40,2,2,Marketing,Female,Sales Executive,2,3,2
1989,No,12,8,1,7,2,31,64480,3,6,30,1,2,Medical,Male,Laboratory Technician,2,2,4
1992,No,2,2,0,2,2,27,56160,3,2,38,2,1,Other,Male,Laboratory Technician,3,2,4
1993,No,17,14,12,11,2,27,56160,4,3,47,25,3,Medical,Male,Healthcare Representative,3,3,1
1994,No,1,1,0,0,2,32,66560,3,2,33,1,2,Medical,Male,Laboratory Technician,3,2,2
1995,No,15,13,5,8,3,86,178880,3,3,38,1,4,Life Sciences,Male,Sales Executive,2,3,4
1996,No,2,2,1,2,3,28,58240,3,1,31,2,2,Life Sciences,Male,Sales Representative,3,3,1
1999,No,5,3,1,0,2,76,158080,4,3,41,1,3,Life Sciences,Male,Research Scientist,4,3,4
2000,No,13,8,5,12,2,98,203840,3,3,47,1,1,Medical,Female,Research Director,2,1,3
2008,No,10,7,0,8,2,48,99840,3,5,39,9,4,Medical,Male,Research Scientist,3,3,2
2009,No,9,7,8,1,2,30,62400,3,6,33,15,2,Medical,Female,Healthcare Representative,4,3,2
2010,No,6,2,4,1,2,31,64480,3,3,32,29,4,Life Sciences,Female,Laboratory Technician,2,3,3
2012,No,1,0,0,0,2,33,68640,3,3,40,1,4,Life Sciences,Male,Laboratory Technician,4,2,1
2013,No,2,2,2,2,3,25,52000,3,2,32,1,4,Medical,Male,Sales Representative,2,3,2
2014,No,7,7,1,7,2,52,108160,3,2,39,24,1,Life Sciences,Male,Research Scientist,4,3,1
2015,No,18,16,1,11,2,99,205920,3,3,38,10,3,Medical,Female,Research Director,3,3,2
2016,No,14,10,5,7,3,48,99840,3,3,32,1,4,Marketing,Female,Sales Executive,4,3,3
2017,No,16,11,6,8,2,42,87360,4,2,37,10,3,Life Sciences,Female,Research Director,4,3,3
2018,No,5,3,0,4,3,85,176800,4,3,40,8,2,Other,Female,Sales Executive,3,2,1
2019,No,9,8,0,0,3,32,66560,3,3,52,29,4,Life Sciences,Male,Sales Representative,4,2,1
2020,No,4,3,1,2,2,42,87360,3,2,44,1,3,Medical,Male,Research Scientist,4,3,2
2021,No,2,2,1,2,3,32,66560,3,6,21,9,1,Medical,Male,Sales Representative,1,3,3
2022,No,6,0,1,3,2,87,180960,3,3,39,9,3,Life Sciences,Male,Manager,4,2,4
2023,Yes,1,0,1,0,3,33,68640,3,3,23,9,3,Marketing,Male,Sales Representative,1,2,4
2025,No,4,2,0,2,2,97,201760,3,3,36,4,2,Life Sciences,Female,Manufacturing Director,2,3,4
2027,Yes,2,2,2,2,2,36,74880,3,3,29,1,4,Medical,Male,Research Scientist,4,4,1
2031,No,22,6,4,14,2,56,116480,3,2,42,2,3,Life Sciences,Male,Manager,3,2,1
2032,Yes,10,9,9,8,2,32,66560,3,4,56,7,2,Technical Degree,Male,Laboratory Technician,3,1,4
2034,No,20,7,0,10,2,60,124800,4,3,41,28,4,Life Sciences,Female,Manufacturing Director,2,3,1
2035,No,8,7,1,7,3,95,197600,4,2,34,28,3,Marketing,Female,Sales Executive,3,3,4
2036,No,15,12,11,11,3,88,183040,4,4,36,15,4,Marketing,Male,Sales Executive,4,2,4
2037,No,5,4,0,4,3,57,118560,3,5,41,10,3,Life Sciences,Male,Sales Executive,2,3,3
2040,No,9,0,1,7,1,31,64480,3,2,35,26,4,Life Sciences,Female,Human Resources,4,3,3
2044,Yes,6,3,0,1,3,94,195520,3,3,50,1,4,Life Sciences,Male,Sales Executive,3,3,2
2045,No,6,3,0,0,3,100,208000,3,2,36,11,4,Marketing,Female,Sales Executive,4,2,2
2048,No,2,2,2,2,2,52,108160,3,2,40,2,4,Life Sciences,Male,Research Scientist,3,3,3
2049,No,10,2,0,2,2,29,60320,3,2,36,18,4,Life Sciences,Male,Healthcare Representative,3,4,3
2051,No,5,3,0,2,2,98,203840,3,2,40,2,4,Medical,Female,Research Scientist,3,3,3
2053,No,4,3,0,3,2,28,58240,3,2,29,13,2,Other,Male,Laboratory Technician,2,3,4
2054,No,5,4,0,4,2,73,151840,3,3,29,28,4,Medical,Female,Research Scientist,1,1,4
2056,No,20,9,9,6,3,60,124800,3,2,39,24,1,Marketing,Female,Sales Executive,4,2,2
2060,No,4,2,0,0,3,30,62400,3,2,27,11,3,Other,Female,Sales Representative,3,3,4
2061,No,5,2,0,3,2,32,66560,3,3,36,23,2,Medical,Male,Laboratory Technician,4,3,3
2062,No,7,7,1,7,2,32,66560,3,5,39,6,1,Medical,Male,Healthcare Representative,1,3,4
2064,No,6,2,0,3,2,87,180960,4,0,27,4,3,Life Sciences,Male,Manufacturing Director,2,3,2
2068,No,4,3,1,2,2,30,62400,3,3,34,8,3,Medical,Male,Laboratory Technician,3,4,2
